title,subtitle,body,caption,headline_id,body_id,category,classcode,label
"경기교육청, 2018년 우수 사학 법인 5곳 선정",,"경기도교육청은 2018년 사학기관 평가 결과 우수기관으로 5개 학교법인을 선정, 시상했다고 14일 밝혔다. 5개 학교법인은 소농학원, 원천학원, 한인학원, 동림학원, 김포대학 등이다. 도교육청은 도내 초·중·고 전체 138개 학교법인, 226개교를 대상으로 법인, 인사, 재무·시설, 기타분야 27개 평가항목에 따라 법인 및 학교운영 전반을 평가했다. 이번 평가에서 법인 운영비 집행한도액 준수, 법인 이사회 회의 공개율, 개방이사 구성의 공공성 등에서 평균 점수가 올라가는 등 사학의 공공성과 투명성이 다소 개선된 것으로 분석됐다. 도교육청은 우수기관으로 선정된 5개 법인에 대해 현안사업비 등 재정지원 시 인센티브 부여와 각종 연수 및 표창 추천 시 소속 직원 우선선발 등 다양한 지원을 할 계획이다. ",경기도교육청 2018년 우수 사학기관 시상식,AKR20190114127600061,AKR20190114127600061,7,503001,0
미레에셋운용 K-뉴딜 ETF 5종 순자산 8천억 돌파,,"미래에셋자산운용은 K-뉴딜 상장지수펀드 5종의 순자산이 상장 3개월 만에 8천억원을 넘어섰다고 6일 밝혔다. 5일 종가 기준 ETF 테마별 자산 규모는 2차전지가 3천70억원, 바이오가 691억원, 인터넷이 515억원, 게임이 361억원 순으로 컸다. 4개 테마를 포괄한 통합 ETF는 3천603억원으로 순자산이 가장 많았다. K-뉴딜 시리즈 ETF는 미래에셋자산운용의 제안으로 한국거래소가 개발한 KRX BBIG K-뉴딜지수 기반 금융상품이다. 바이오, 2차전지, 인터넷, 게임 등 4개 개별 테마형 ETF와 이들 BBIG 산업 전체에 고르게 투자하는 통합 ETF 등 총 5개 상품이 지난 10월 7일 동시에 상장됐다. ",,AKR20210106068100002,AKR20210106068100002,2,201001,0
제주도 오존주의보 또 발령…이틀새 3번째,,"제주도는 23일 오후 2시를 기해 제주권역에 오존주의보를 발령했다. 오존주의보는 1시간 평균 오존농도가 이상일 때 발령한다. 발령 시점에 측정소 중 제주시 연동의 오존농도가 0.124ppm을 기록했고, 제주시 이도동도 등으로 기준치를 넘어섰다. 환경부 국립환경과학원 대기질통합예보센터는 이날 제주를 비롯해 전국적으로 오존 농도가 나쁨 수준을 보이겠다고 예보했다. 제주권역에는 2015년 대기오염 경보제 시행 이후 처음으로 지난 22일 오후 1시를 기해 오존주의보가 발령됐다가 4시간 만인 오후 5시에 해제됐다. 이어 23일 오전 1시부터 6시 사이에도 도내 측정소 곳곳에서 오존 농도가 발령 기준을 넘어 오존주의보가 내려졌었다. 제주도 보건환경연구원은 ""가급적 대중교통을 이용하고, 실외활동과 과격한 운동을 자제하는 등 건강관리에 유의하라""고 당부했다. 오존은 일정 농도 이상 높아지면 호흡기나 눈에 자극을 주며 심하면 폐기능 저하, 기관지 자극, 패혈증 등 인체에 안 좋은 영향을 미칠 수 있다. ",오존주의보,AKR20190523113100056,AKR20190523113100056,7,107001,0
광화문광장서 100번째 3·1절 맞아…유관순 훈장과 만세삼창,"공식기념식 거행…독립선언서 낭독하고 정오에 전국 동시 ""만세!""","""이 세상 어떤 것도 우리 독립을 가로막지 못한다."" 100주년을 맞은 3·1절을 기리는 정부 중앙 기념식이 거행됐다. 1일 오전 11시 문재인 대통령 내외가 광화문을 지나 광화문광장으로 나오면서 100년 전을 기념하는 행사의 시작을 알렸다. 기념식 장소는 그간 주로 세종문화회관이었으나 올해는 대한민국 역사와 민주주의를 상징하는 광화문광장에서 역대 처음으로 열렸다. 정부는 정부서울청사와 별관, 세종문화회관, 대한민국역사박물관, 교보생명, 현대해상, KT광화문빌딩 등 광장 주변 주요 건물에 대형 태극기를 내걸어 일대를 하나의 거대한 태극기 광장으로 꾸몄다. 3·1독립선언서를 읽었던 민족대표 33인을 본뜬 국민대표 33인과 대형 태극기가 문 대통령과 함께 군경의장대의 도열 사이를 지나 식단으로 입장했다. 국민대표 33인은 생존 애국지사, 위안부·강제동원 피해자, 6·25 및 베트남전쟁 참전용사와 유가족, 이산가족, 학생, 5부 요인 등 대한민국의 과거, 현재, 미래를 상징하는 인물들이 채웠다. 최원정·배성재 아나운서의 사회로 진행된 행사는 각계 감수를 거쳐 현대말로 쉽게 풀어쓴 3·1독립선언서 낭독으로 시작했다. 위안부피해자 이용수 할머니, 배우 유지태·이제훈, 전설적 축구선수 차범근을 비롯해 소방관, 경찰관, 학생, 파병부대 장병과 일반 국민들이 나눠 읽으며 독립선언을 되새겼다. 국민의례, 애국가 합창, 순국선열과 호국영령에 대한 묵념이 이어졌다. 윤봉길 의사의 증손인 배우 윤주빈은 피아노와 첼로 이중주 속에 독립운동가·소설가 심훈 선생이 옥중에서 모친에게 쓴 편지를 읽으며 ""마음을 합치는 것처럼 큰 힘은 없다""고 역설했다. 독립유공자 334명에 대한 포상에서는 3·1운동의 상징과 같은 유관순 열사가 새 훈장을 받았다. ""고 유관순, 위는 대한민국의 자주독립과 국가건립에 이바지한 공로가 크므로 다음 훈장을 추서한다""는 설명에 이어 문 대통령이 유관순 열사 조카 유장부 선생에게 건국훈장 대한민국장 훈장증을 수여했다. 추서판은 유관순 열사가 다닌 이화학당 100년 후배인 이화여고 2학년 윤수진 학생이 대리로 받았다. 문 대통령은 이어진 기념사에서 ""우리가 오늘 유관순 열사의 공적심사를 다시 하고 독립유공자 훈격을 높여 새롭게 포상하는 것도 3·1독립운동이 현재진행형이기 때문""이라며 ""무엇보다 큰 공적은 유관순이라는 이름만으로 3·1독립운동을 잊지 않게 한 것""이라고 기렸다. 낮 12시 정각부터는 천안독립기념관과 전국 사찰, 성당, 교회, 향교 등 각지에서 타종과 함께 만세 삼창 함성이 울려 퍼졌다. 임우철 애국지사가 ""100년 전 오늘 삼일운동의 함성을 되새기며 새로운 100년을 위하여 만세를 부르겠습니다. 대한민국 만세, 만세, 만세!""라고 선창했고 공군 특수비행팀 블랙이글스가 비행운으로 하늘에 숫자 100을 그렸다. 이 장면은 5G 기술을 활용해 전국을 연결해 생생하게 전달됐다. 독립의 횃불 전달식이 행사의 대미를 장식했다. 이 횃불은 임시정부 수립 기념일인 4월 11일까지 42일간 전국을 돌며 100곳에서 불을 밝히고 서울로 돌아온다. 김영관 애국지사가 문 대통령에게 횃불을 전달했고 문 대통령은 이를 미래 100년을 상징하는 청년 대표단에게 전달했다. 이날 서울 시내는 행사 시작 시각인 오전 11시 기준 미세먼지 농도가 매우 나쁨 수준이었지만, 약 1만명의 참가자는 마스크 등을 쓰고 자리를 지키며 3·1절을 기념했다. ",그날의 함성처럼 대한독립만세문재인 대통령과 부인 김정숙 여사를 비롯한 내빈들이 1일 오전 서울 광화문에서 열린 제100주년 3.1절 기념식에서 만세삼창을 하고 있다. 광화문광장에 게양된 대형 태극기1일 오전 서울 광화문광장에서 열린 3.1절 100주년 기념식에서 대형 태극기가 게양되고 있다. 유관순 열사 후배에 추서판 수여하는 문 대통령문재인 대통령이 1일 오전 서울 광화문에서 열린 제100주년 3.1절 기념식에서 유관순 열사의 이화학당 100년 후배인 윤수진 이화여고 학생회장에게 추서판을 수여하고 있다. ,AKR20190301039951004,AKR20190301039951004,3,501014,0
변호사에 수사자료 유출 전직 검사 집행유예 확정,징역 4개월에 집행유예 1년,"법조계 인사들에게 로비를 벌였다는 의혹을 받은 최인호 변호사에게 수사 정보를 유출한 혐의로 재판에 넘겨진 전직 검사에게 징역형의 집행유예가 확정됐다. 대법원 1부는 공무상 비밀누설 등 혐의로 기소된 추모 전 검사의 상고심에서 징역 4개월에 집행유예 1년, 벌금 170만원과 추징금 30만원 등을 선고한 원심을 확정했다고 14일 밝혔다. 추 전 검사는 서울서부지검에 근무하던 2014년 과거 직속 상관으로부터 최인호 변호사를 잘 봐 달라는 요청을 받고 최 변호사가 고소한 상대방인 조모씨의 구치소 접견 녹음 파일 등 수사자료를 최 변호사 측에 넘겨준 혐의로 기소됐다. 추 전 검사는 수사 중인 사건의 고소 대리인 측에서 30만원 상당의 향응을 받고, 지인들의 요청에 따라 사건 진행 경과를 두 차례 알려준 혐의도 받았다. 1심 재판부는 ""유출한 개인정보의 양이 적지 않지만 선배의 부탁을 받고 한 일로 개인적인 이득을 얻은 것이 없고 관련 사건의 처리에 영향을 끼치지도 않은 것으로 보인다""며 징역 4개월에 집행유예 1년 등을 선고했다. 추 전 검사와 검찰 양쪽이 항소했지만 2심 재판부도 1심을 유지했다. 최 변호사는 비행장 소음 피해배상 소송을 전문으로 맡으면서 승소한 뒤 배상금 일부를 가로챈 혐의 등으로 여러 차례 수사 대상에 오른 인물이다. 이 과정에서 최 변호사가 검찰 수사를 무마하기 위해 검찰과 정·관계 고위 인사들에게 구명 로비를 벌였다는 의혹이 불거지기도 했다. 이 의혹을 두고 검찰은 서울고검에 특별수사팀을 설치하고 수사를 벌였지만 전·현직 검찰 고위 인사의 사건 연루 혐의를 찾아내진 못했다. 최 변호사는 수십억원대 탈세 및 사문서위조 등 혐의가 드러나 재판에 넘겨졌고 지난해 8월 1심에서 징역 3년에 집행유예 4년, 벌금 50억원 등을 선고받았다. 현재 항소심이 진행 중이다. ",,AKR20191113171200004,AKR20191113171200004,3,501001,0
서울 도봉·광진 등 동북권 8개구 오존주의보,,"서울시는 18일 오후 3시 동북권에 오존주의보를 발령하고 이 지역에서 장시간 실외활동을 자제해달라고 권고했다. 오존주의보가 내려진 자치구는 도봉·노원·강북·성북·동대문·중랑·성동·광진 등 8개 구다. 이날 오후 3시 기준 광진구에서 측정된 오존 농도는 1시간 평균 0.128ppm을 기록했다. 서울시는 1시간 평균 오존 농도가 이상이면 주의보를 낸다. 이상이면 경보, 이상이면 중대 경보를 발령한다. 시는 특히 호흡기 환자와 노약자·어린이는 외출하지 않는 편이 좋다고 권고했다. 오존은 대기 중의 휘발성유기화합물과 질소산화물이 태양에너지와의 광화학 반응으로 생성되는 2차 오염물질이다. 고농도 오존은 호흡기와 눈을 자극해 염증을 일으키고 심하면 호흡장애 현상까지 초래한다. ",오존주의보 ,AKR20200818117000004,AKR20200818117000004,3,107001,0
김태우 기자회견 보수단체 회원들 소란에 아수라장,김 수사관에 환호·박수…취재진에 욕설·몸싸움,"청와대 특별감찰반의 민간인 사찰 등 비위 의혹을 주장해 온 김태우 수사관의 기자회견장에서 김 수사관 지지자들이 취재진에게 보도 내용에 불만을 터뜨리는 등 소동을 빚었다. 21일 오전 10시부터 1시간 동안 서울 중구 프레스센터에서 진행된 기자회견에는 일찌감치 많은 취재진이 몰려 준비해둔 좌석이 모두 차는 등 관심이 모아졌다. 회견장에는 취재진과 김 전 수사관, 변호인단 외에도 애국순찰팀, 구국채널 등 보수를 표방하는 단체 회원 70여 명도 참석해 발 디딜 틈이 없었다. 현장을 찾은 개인 유튜브 방송 관계자들은 취재진과 자리를 두고 실랑이를 벌이다가 ""어차피 제대로 내보내지도 않을 거 아니냐""면서 기자들을 밀어내기도 했다. 단체 회원들은 김태우 수사관님 응원합니다. 지지합니다, 민간인 사찰 폭로 김태우 수사관 지켜내자 등 손팻말을 들고 지지의 뜻을 밝혔다. 회견 시작 전부터 취재진과 김 수사관을 지지하는 단체들 사이에 자리다툼이 벌어지자 장내 정돈을 맡은 이들이 제지에 나섰다. 일부 참석자들은 취재진을 향해 욕설을 하는 모습도 보였다. 소란이 계속되자 김 수사관의 변호인단 쪽은 ""김 수사관을 성원하신다면 정숙을 지켜달라""고 당부했다. 참석자들은 9시 58분께 김 수사관이 기자회견장에 나오자 김태우를 연호했고 ""과감하게 하라"", ""협박당했다면 그렇게 말하라"", ""김태우 파이팅"" 등을 외치기도 했다. 김 수사관이 자신을 미꾸라지, 꼴뚜기 등에 비유한 청와대 인사들을 모욕과 명예훼손으로 고소할 계획이라며 ""지금이라도 진심으로 용서를 구한다면 통 크게 받아들일 용의도 있다""고 말할 때는 지지자들 사이에서 박수와 환호성이 터져 나왔다. 참석자들은 김 수사관이 검찰의 엄정한 수사를 촉구하며 회견을 마무리하자 다시 김 수사관의 이름을 연호하며 박수세례를 보냈다. 김 수사관은 기자회견 동안 자신을 응원하는 이들을 향해 웃음을 짓는 등 여유 있는 모습을 보였다. 회견 종료 후 김 수사관이 현장을 떠나자 지지자들은 취재진에게 욕설과 함께 ""똑바로 보도하라""고 고함을 치면서 10여분간 소란이 이어졌다. ",김태우 지지자들21일 오전 서울 프레스센터에서 열린 김태우 수사관 공식 기자회견에서 지지자들이 관련 피켓을 들고 있다. 1 김태우 지지자들21일 오전 서울 프레스센터에서 열린 김태우 수사관 공식 기자회견에서 지지자들이 관련 피켓을 들고 있다. ,AKR20190121077900004,AKR20190121077900004,3,106003,0
"면세업계, 코로나19로 어려운 중소협력사 지원 확대",,"면세점 업계가 신종 코로나바이러스 감염증으로 어려움을 겪고 있는 중소 협력사 지원을 확대한다. 1일 면세업계에 따르면 롯데면세점은 400여개 중소 협력사에 대한 대금 지급 횟수를 월 1회에서 2회로 늘려 지급 주기를 단축하기로 했다. 코로나19로 영업환경이 악화한 협력사의 현금 유동성 확보에 도움을 주기 위해서다. 이렇게 지급되는 물품 대금은 4∼6월 3개월간 총 1천500억원 규모다. 중소 협력사에 대한 금융 지원도 확대한다. 기존에는 1차 거래선까지만 저금리 금융 지원을 위한 상생 펀드를 활용할 수 있었지만, 앞으로는 2차 거래선의 중소협력사들도 상생 펀드 지원을 받을 수 있다. 롯데면세점은 또 35억원을 투입해 국산 브랜드 영업 활성화를 위한 마케팅과 매장 환경 개선에 나설 방침이다. 신세계면세점은 협력사와 고용 안정 협의체를 구성해 고용 유지에 최선을 다하기로 했다. 신세계면세점에는 직영 직원 585명이 근무하고 있고 협력사와 판매직원을 더하면 7천여명의 고용이 연관돼있다. 신세계면세점은 동반성장 투자재원 30억원을 확보해 협력사원의 임금 격차 해소를 지원하고 결제 대금 지급 횟수를 월 2∼3회로 늘려 자금난 해소도 돕기로 했다. 또 국내 중소업체 30여개를 선정해 판매수수료율을 5%까지 인하할 계획이다. ",롯데면세점신세계면세점,AKR20200401048500030,AKR20200401048500030,2,202003,0
"트럼프 대리시험 의혹 친구 부인 ""대학서 처음 만나"" 일축","""몇 년 전에도 같은 의혹 제기에 거짓이라고 부인""","도널드 트럼프 미국 대통령에게 매수돼 그의 대입 시험을 대신 치러줬다는 의혹을 받는 친구의 부인이 의혹을 전면 부인했다. 미국 ABC방송 등에 따르면 트럼프 대통령의 친구인 조 셔피로의 부인 팸 슈라이버는 9일 트위터에 동영상 성명을 올려 셔피로가 트럼프 대통령의 대학입학자격시험을 대신 봐줬다는 의혹이 사실이 아니라고 주장했다. 프로 테니스선수 출신으로 스포츠전문매체 ESPN의 해설가인 슈라이버는 자신도 트럼프 대통령 친구다. 슈라이버는 1999년 작고한 남편 셔피로와 트럼프 대통령이 펜실베이니아대에서 처음 만난 것으로 안다고 밝혔다. 트럼프 대통령이 포드햄대에서 펜실베이니아대로 학교를 옮긴 후 서로 알게 됐으니 SAT 대리응시는 사실이 아니라는 것이다. 이어 ""남편과 트럼프 대통령은 골프를 사랑하고 뉴욕시 출신이라는 공통점 덕에 친구가 됐다""면서 ""트럼프 대통령이 종종 연락을 해왔고 남편과 자신이 뉴욕시의 트럼프타워에 가서 만나기도 했다""고 덧붙였다. 슈라이버는 ""수년 전에도 같은 의혹이 제기돼 사실이 아니라고 설명한 바 있다며 다시 의혹을 제기하는 것은 부당하다""라고 밝혔다. 그는 ""남편은 매우 진실하고 정직한 사람이었으며 내가 만나본 사람 중 가장 똑똑했다""면서 ""책에 어떤 사람의 이름을 거론할 땐, 특히 그가 이미 사망했다면 관련 사실들이 틀림없어야 한다""고 강조했다. 최근 트럼프 대통령의 조카 메리 트럼프가 발간을 앞둔 책에서 트럼프 대통령이 명문 펜실베이니아대에 진학하고자 친구 셔피로에게 SAT를 대신 치르게 하고 크게 사례했다고 폭로한 것으로 전해져 논란이 됐다. 이에 백악관은 7일 성명을 통해 허위주장이라고 반박했다. ",도널드 트럼프 미국 대통령이 친구 조 셔피로에게 대학입학자격시험을 대신 보게 했다는 주장이 담긴 그의 조카 메리 트럼프의 책. 프로선수 출신의 ESPN 테니스 해설가 팸 슈라이버. ,AKR20200710063600009,AKR20200710063600009,6,1101001,0
근대화단 선구자 김종식 제2 미술관 11일 개관,,"부산 출신 한국 근대화단의 선구자인 김종식 화백을 기리는 김종식 제2 미술관이 11일 문을 연다. 제2 미술관은 부산 부산진구 연지동 김종식미술관 옆에 지상 1층 330㎡ 규모로 자리 잡았다. 제2 미술관은 김 화백의 예술세계를 한눈에 볼 수 있는 공간이다. 개관 기념전으로 1960∼1970년대 작품 20여 점을 전시한다. 전시 작품은 태종대, 영도, 천마산, 마산어판장, 밀양남천강 등 제목에서 알 수 있듯이 부산과 경남 일대 풍광을 담은 작품들이다. 전시작 중 밀양 얼음골, 불국사, 소꿉친구, 자화상 등 4점은 일반인에게 처음으로 공개하는 작품이다. 김 화백은 정식 미술교육을 받은 사람이 드물었던 당시 일본 도쿄제국미술대학을 졸업하고 귀국해 부산 최초의 서양화 그룹 토벽 동인 일원으로 활동했다. 그는 작품은 대담한 필치와 과감하고 강렬한 색채를 특징으로 한다. 동시에 균형 잡힌 조형 감각으로 자신만의 독특한 회화세계를 보여준다. 김 화백은 2만여 점에 달하는 많은 드로잉을 남겼다. 드로잉은 유화와 별개로 김 화백이 남긴 또 다른 독자적인 성과로 꼽힌다. 부산시립미술관은 지난해 그의 탄생 100주년을 맞아 작품 세계를 조명하는 회고전을 연 바 있다. ",김종식 자갈치 제빙회사,AKR20190610034300051,AKR20190610034300051,4,701001,0
광주교육청 스쿨 미투 교사들 곧 징계요구…규모·수위는,"검토 대상 34명 중 태반 징계요구 예상…""성비위는 해임 이상 중징계""불기소된 교사도 부적절 행위 있으면 징계요구…학교 측 대응 주목","광주시교육청이 지난해 이른바 스쿨 미투 파문에 연루된 교사들에 대한 징계를 조만간 해당 학교에 요구할 것으로 알려졌다. 징계 검토 인원이 수십명에 달하고 해임 이상 중징계 요구도 상당수 나올 것으로 보여 학교 현장이 또 한 번 술렁이게 됐다. 17일 광주시교육청에 따르면 교내 성 비위 의혹에 연루돼 검찰로부터 공무원 범죄 결과 처분이 통보된 교사들의 징계요구 여부, 수위 결정이 막바지 단계에 들어갔다. 시교육청은 학생 면담 기록지, 수사기관 처분 내용, 해당 교사 진술 등을 종합적으로 검토한 결과를 토대로 이번 주중 해당 학교에 징계의결을 요구할 방침이다. 징계가 검토된 교사는 A고 19명, B고 11명, C고 4명 등 모두 3개 학교 34명이다. 이 가운데 A고 7명, C고 2명 등 9명은 불구속기소 돼 중징계 요구가 유력하다. A고 12명, B고 11명, C고 2명 등 다른 25명은 기소되지는 않았으나 상당수는 징계 대상에 오를 것으로 보인다. B고에서는 추가로 5명이 수사를 받았지만, 아직 검찰로부터 결과 처분이 통보되지 않아 이번 검토 대상에서는 빠졌다. 시교육청은 감사 결과 성 비위를 저지른 것으로 판단되는 교사들에 대해서는 해임 이상 중징계를 요구하기로 했다. 성비위가 아닌 폭언·욕설 등 행위가 드러난 교사들도 품위 유지 의무 위반으로 징계를 요구할 것이라고 알려졌다. 검찰로부터 불기소 처분을 받은 교사들도 예외는 아니다. 시교육청은 아예 논란이 되는 행동이 없었던 교사가 아니고서는 기소 여부와 무관하게 징계요구를 할 것으로 보인다. 형사벌과 징계벌은 다르고, 무혐의 처분을 받았더라도 부적절한 행위가 있었다면 징계 사유에는 변함이 없다고 시교육청은 강조했다. 다만 징계요구를 학교 측에서 그대로 수용할지는 미지수다. 사립학교들이 징계를 미루거나 수위 결정을 따르지 않아도 시교육청이 강요할 근거는 없다. 아직 1심 판결도 나오지 않아 교사들의 비위 사실을 확정하기 어렵고 특히 기소되지 않은 교사들이 중징계를 받게 되는 경우 소청이나 소송 등이 이어질 수 있어 학교 측에서도 부담은 따른다. 한 학교 관계자는 ""기소되지 않은 교사들은 직위해제가 풀렸지만 그렇다고 학생들과 다시 마주하게 할 수도 없어 분리조치를 했다""며 ""껄끄러운 분리 상황을 연장하는 것도, 교사들에게 학교를 떠나도록 하는 중징계를 섣불리 내리기도 쉽지 않아 학교나 법인 차원에서 논의를 해야 할 것 같다""고 말했다. ",스쿨미투,AKR20190315138100054,AKR20190315138100054,3,503002,0
"2보 김정은, 이틀째 사업보고…""방위력 강화해 평화 환경 수호의지""",대남·대미메시지 없이 경제발전 전략 우선 논의…오늘도 보고 이어져,"북한 김정은 노동당 위원장이 8차 당대회에서 국가 방위력을 강화해 평화적 환경을 수호하겠다는 의지를 재차 드러냈다. 조선중앙통신은 7일 전날 김 위원장의 당 중앙위원회 사업총화 보고 2일 차 내용을 전하며 ""국가방위력을 보다 높은 수준으로 강화해 나라와 인민의 안전과 사회주의 건설의 평화적 환경을 믿음직하게 수호하려는 중대 의지를 재천명하고 그 실현에서 나서는 목표들을 제기했다""고 보도했다. 이날 보고에서는 대남·대미 정책을 내놓지 않고 경제 문제만 중점적으로 다뤘다. 통신은 ""교통운수, 기본건설·건재공업, 체신, 상업, 국토환경, 도시경영, 대외경제를 비롯한 주요 부문들과 경제관리 분야의 실태가 분석되고 새로운 ５개년 계획기간 목표와 실천 방도가 상정됐다""고 전했다. 또 시·군을 자립적, 다각적으로 발전시키고 농업·경공업·수산업에서 생산을 늘릴 방안을 밝혔다. 이외에도 국가 과학기술 발전을 촉진하기 위한 과제들이 구체적으로 제시됐다. 사업총화 보고는 사흘째인 7일 현재도 진행 중이라고 통신은 덧붙였다. 앞서 2016년 7차 당대회 때 김 위원장의 사업총화보고는 이틀만 했다. ",,AKR20210107011751504,AKR20210107011751504,1,1008001,0
"우버, 기업공개 앞두고 중동 라이벌 카림 인수","3조5천억원 규모…""우버 인수합병 역대 최대 규모""","중국과 동남아, 러시아 등지에서 사업권을 매각해온 차량호출업체 우버가 중동의 라이벌 업체 카림 인수를 공식화했다. 26일 AP·블룸버그통신 등 외신에 따르면 우버는 현금 14억 달러와 컨버터블 노트 17억 달러등 총 31억 달러를 지불하는 조건으로 카림을 인수했다고 밝혔다. 이번 인수 건은 중동지역 기술 분야 인수합병 사상 최대 규모라고 통신은 전했다. 앞으로 카림은 우버의 완전 자회사가 되지만, 무다시르 셰이카도는 최고경영자는 현직을 유지하고 애플리케이션도 우버와 별도로 운영한다. 우버는 카림 이사회에 3명의 이사를 파견한다. 중동의 우버로 불리는 카림은 2016년 기준 기업가치가 약 10억 달러로, 중동에서 가장 성공적인 기술 스타트업 가운데 하나로 꼽힌다. 아랍에미리트 두바이에 본사를 둔 이 회사는 현재 15개국 90여개 도시에서 서비스를 제공하고 있다. 서비스에 참여하는 운전기사는 100만명이 넘는다. 카림은 중동·북아프리카·남아시아 등지에서 운송, 배달 등의 서비스 주도권을 놓고 우버와 경쟁해왔다. 블룸버그는 ""이번 거래는 우버의 인수합병 사상 최고 액수이자 지역 경쟁자를 사들인 첫 사례""라고 전했다. 그동안 우버는 중국사업을 디디추싱에, 동남아 사업은 그랩에, 러시아 사업은 얀덱스에 넘기는 등 글로벌 사업 규모를 줄여왔다. 다라 코스로샤히 최고경영자는 이번 인수로 우버의 영향력이 전 세계로 확대될 것이라고 말했다. 카림의 CEO 무다시르 셰이카도 이번 거래가 카림은 물론, 지역 및 글로벌 투자자, 중동에서 이제 막 싹을 틔우는 기업들을 위해 획기적인 사건이라고 평가했다. 이번 인수는 다음 달로 예정된 우버의 기업공개를 앞두고 이뤄졌다. 우버의 뉴욕 증시 상장은 역대 최대 규모로 기록될 전망이다. 이번 상장으로 우버의 기업가치는 1천200억 달러에 이를 것이라는 예상이 나온다. ",우버 앱을 이용한 배차서비스를 시작한 센다이 주오택시우버 입간판,AKR20190326167700009,AKR20190326167700009,6,1101001,0
"고양시, 문화관광해설사와 함께 걷는 관광투어 운영",,"경기 고양시는 문화관광해설사와 함께 덕양과 일산의 관광명소를 도보로 탐방하는 프로그램을 다음 달 14일까지 시범 운영한다고 22일 밝혔다. 이번 프로그램은 장기화한 신종 코로나바이러스 감염증의 여파로 위축된 관광산업을 활성화하고, 고양시의 대표 관광지를 연계해 새로운 관광 프로그램을 만들기 위해 기획됐다. 시는 지난 3개월간 문화관광해설사와 함께 현장을 답사하며 고양시의 매력을 잘 보여줄 수 있는 코스를 집중 개발했다. 그중 선호도가 가장 높은 5개 코스를 선정, 참가자를 모집해 시범 운영 중이다. 이틀 만에 200여 명이 참가 신청을 했을 만큼 시민들에게 인기를 얻고 있다. 고양시 도보 관광투어는 5개 코스에서 매일 2차례, 오전 10시와 오후 2시에 시작된다. 고양 관광 정보센터에서 출발하는 일산 이야기 백마역에서 출발하는 경의철길 옛이야기 행주산성에서 출발하는 행주 이야기 필리핀 참전비에서 출발하는 고양 옛이야기 일산호수공원을 돌아보는 힐링 코스 등 5개 코스다. 프로그램에 참여를 원하는 단체는 답사일 최소 3일 전까지 고양시청 문화유산관광과로 신청하면 된다. 한편, 시는 현재 시범 운영 중인 5개 코스에 대한 참가자 설문조사를 바탕으로 3∼4개 코스를 최종 선정해 문화해설사와 함께하는 도보 관광투어를 오는 12월부터 상시 운영할 예정이다. ","고양시, 문화관광해설사와 함께 걷는 관광투어 운영",AKR20201022038600060,AKR20201022038600060,7,107001,0
2020 한국인터넷기자상 시상식 내달 1일 개최…특별상 김성후,,"한국인터넷기자협회는 내달 1일 오후 3시 서울 중구 프레스센터 20층 프레스클럽에서 창립 18주년 기념식과 2020 한국인터넷기자상 시상식을 개최한다고 27일 밝혔다. 올해 한국인터넷기자상 특별상은 김성후 기자협회보 편집국장이 수상자로 선정됐다. 김 편집국장은 남북 언론교류와 신문법 시행령 문제점 보도 등을 통해 언론 및 인터넷언론 발전에 기여한 공적을 인정받았다. 참언론상은 권력형 비리와 노동인권 문제 등을 탐사보도한 강진구 경향신문 기자가 수상한다. 우수의정상에는 코로나19 방역 안전과 의료시설 강화를 위해 노력한 허종식 의원이 수상자로 선정됐으며 지방의정상은 송아량 서울시의원이 수상한다. 교육 발전에 기여한 공로로 이윤경 참교육을위한전국학부모회 서울지부장이 NGO상을 수상한다. 정연진 Action One Korea 상임대표에게는 평화통일상이 수여된다. 김현정 우분투 사회연대연구소 소장이 노동존중사회상을, 유경의 STSamp;P 집행위원장은 국제교류상을 받는다. 김철관 인터넷기자협회 회장은 ""올해는 코로나19로 더욱 취재 여건이 어려워졌고 인터넷 언론 기반도 힘들어졌다""며 ""인터넷기자협회가 인터넷기자들의 권익 향상과 취재 여건 조성을 위해 더욱 노력하겠다""고 말했다. ",한국인터넷기자협회 김철관 회장 ,AKR20201127101600005,AKR20201127101600005,4,704001,0
"""캘리포니아서 핼러윈 밤에 총격…4명 사망""",,미국 캘리포니아주 오린다에서 핼러윈인 10월 31일 밤 총격이 발생해 4명이 숨지고 여러 명이 다쳤다고 AP통신이 전했다. 캘리포니아 콘트라코스타 카운티 경찰은 1일 트위터를 통해 오린다 경찰과 협력하고 있다면서 이같이 밝혔다. 그러나 기타 자세한 내용은 말하지 않았다. AP는 샌프란시스코 방송인 KGO-TV가 게시한 현장 영상에서는 여러 명의 환자가 구급차로 옮겨지는 모습이 담겼다고 전했다. ,,AKR20191101182600098,AKR20191101182600098,6,103001,0
"""공부해 볼까""…다문화 여성을 위한 검정고시반 운영",,"결혼이주여성과 중도입국 청소년의 초·중·고교 졸업 자격 취득을 돕기 위한 검정고시반이 전국 건강가정다문화가족지원센터 등에서 운영된다. 경기도평생교육진흥원은 2월부터 연말까지 도내 고졸 미만 학력의 결혼 이민자와 중도입국 청소년 등 교육 취약계층을 대상으로 초, 중, 고교졸업 검정고시 준비를 지원하는 지식프로그램을 운영한다. 수업은 온라인 교육이 진행되는 지식사이트에서 이뤄지며 수강료는 무료다. 희망자는 경기도평생교육진흥원 또는 시·군건강가정다문화가족지원센터로 신청하면 된다. 남양주시건강가정다문화가족지원센터도 하나금융나눔재단의 후원으로 2월 중순부터 남양주시청 제2청사 2층에서 결혼 이민자들을 대상으로 초, 중, 고교졸업 검정고시반을 연다. 8일까지 센터로 신청하면 수강이 가능하다. 앞서 충북 음성군건강가정다문화가족지원센터도 지난 9일 금왕분소에서 다문화 여성들을 위한 초등학력 검정고시반을 개강했다. 수업은 매주 화요일과 수요일 오전 10시부터 오후 1시까지 주 2회 12주간 진행될 예정이다. 검정고시 시험은 4월과 8월에 실시된다. ",결혼 이민자들이 수업을 받는 모습.,AKR20190131122200371,AKR20190131122200371,1,503001,0
전북 고창 한 학원서 불…학생 1명 연기흡입,,"9일 오후 5시 41분께 전북 고창군 고창읍 한 학원에서 불이 나 1명이 연기를 흡입했다. 불이 나자 학생과 학원 교사 등 7명이 대피했고, 이중 A양이 연기를 들이마셔 인근 병원에서 치료를 받았다. 불은 10여분 만에 진화됐고 60여만원의 재산피해가 발생했다. 경찰과 소방당국은 학원 건물 뒤편 실외기에서 불이 시작된 것으로 보고 원인을 조사하고 있다. ",불이 난 학원.,AKR20190509192600055,AKR20190509192600055,7,501001,0
코트라 공채 3차시험 합격자 명단 오류…8명 뒤바뀌어,"탈락자 ""면접 기회 달라""…코트라 ""형평성 문제로 불가""","최근 코트라 공채 시험에서 전산 오류 때문에 3차 합격자 일부가 불합격으로 처리되면서 당사자들이 반발하고 나섰다. 19일 코트라에 따르면 지난 주말 3차 시험의 일환으로 실시한 영어회화 테스트의 반영 비율을 10%로 해야 했으나 엑셀 산식 오류로 1%만 반영한 잘못이 뒤늦게 드러나 당초 합격자로 통보한 8명이 다시 불합격 처리됐다. 3차 시험 합격자는 모두 159명으로 다음 주 최종 임원 면접만 남겨 놓은 상황이었다. 이 때문에 탈락한 일부 응시자는 면접 기회를 달라고 했으나 코트라 측은 형평성 문제 때문에 난색을 표했다. 한 응시자의 지인은 연합뉴스와 통화에서 ""합격했다고 알고 마지막 면접 준비를 하던 친구가 갑자기 전산상 오류라면서 합격 취소 통보를 받고 충격을 받았다""면서 ""취업준비생으로 다른 회사 시험까지도 영향을 받을 정도로 정신적 피해가 크다""고 말했다. 코트라 관계자는 이에 대해 ""이번 전산 오류는 전적으로 저희의 책임으로 채용과 관련해 청년들에게 불편을 끼치고 상심케 해 죄송하다""면서 ""시험을 치르느라 지방에서 온 해당 응시자에게는 교통비 등을 실비 보상하고 다시는 이런 실수가 반복되지 않도록 하겠다""고 말했다. ",코트라,AKR20191019027900003,AKR20191019027900003,2,203001,0
"靑, 국산원료약 EU 화이트리스트 등재에 ""세계시장 진출 가속""","""정부 규제혁신 노력, 제약·바이오 산업 발전 토대 확인""","청와대는 15일 유럽연합 이사회가 한국을 의약품 관련 제조·품질관리기준 서면확인 면제 국가인 화이트리스트에 등재한 것과 관련, ""국내 제약산업 성장을 견인할 것""이라며 환영 입장을 내놨다. 고민정 청와대 대변인은 이날 브리핑에서 ""EU 이사회가 우리나라를 7번째로 화이트리스트에 올렸는데, 이를 통해 앞으로 한국은 의약 글로벌 시장 진출을 가속할 것""이라며 이같이 말했다. 앞서 EU는 전날 벨기에 브뤼셀에서 열린 이사회에서 한국 제약사가 유럽에 원료의약품을 수출할 때 구비해야 하는 GMP 서면확인서 등 서류 일부를 면제토록 결정했다. 이는 한국이 화이트리스트 등재 신청서를 제출한 지 4년 만의 성과다. 고 대변인은 ""이번 건은 지난번 국제무역기구 승소 건과 유사하게 식약처 공무원들이 전담대응팀을 중심으로 4년여간 치밀히 노력한 결과""라고 언급했다. 또 ""정부의 규제혁신 노력이 제약·바이오 산업 발전 토대가 됐음을 확인할 수 있는 사례""라고 설명했다. ",고민정 청와대 대변인,AKR20190515079000001,AKR20190515079000001,1,101001,0
"삼성화재 ""해외·디지털·ESG 경영에 주력""","""올해 계약 경쟁 지양하고 보장보험료 중심 질적 성장"" ","삼성화재는 향후 해외사업, 디지털, ESG 중심 경영에 주력하겠다고 18일 밝혔다. 삼성화재는 이날 작년 연간 실적에 대한 부연 설명과 함께 이런 내용의 경영 전략을 밝혔다. 해외사업의 경우 국내 성장의 한계를 극복하고 새 수익원을 확보하는 차원에서 선진 보험시장, 글로벌 IT 업체와의 제휴가 확대된다. 이미 삼성화재는 2019∼2020년 투자를 통해 영국 로이즈 4위의 손해보험회사 캐노피우스 경영에 참여했고 글로벌 IT업체 텐센트와 중국법인의 합작사 전환을 추진 중이다. 디지털 전환과 관련해서는 디지털 ARS, RPA 구축 등을 통해 업무 효율을 높이고 자동차·장기·일반 보험의 차별적 020 서비스도 제공할 계획이다. 이를 위해 관련 플랫폼 업체와의 제휴, CVC을 통한 투자 등을 적극적으로 추진한다. 아울러 삼성화재는 탈석탄 정책을 선언하고 신재생에너지 투자를 확대하며 디지털 기반의 종이없는 보험계약을 실천하는 등 ESG 내재화에도 노력하고 있다. 올해만의 경영 전략으로는 수익성 중심의 내실 경영, 자동차·장기·일반 보험 각 부문의 균형 성장 등이 제시됐다. 장기보험의 경우 무리한 인보험 신계약 경쟁을 지양하고 보장보험료 중심의 질적 성장에 초점을 맞출 방침이다. 자동차보험에서는 합산비율이 양호한 우량계약 중심의 매출 확대에 주력하고, 지속적 원가 확보와 보상 운영 효율화를 통해 보험손익 흑자전환의 기반을 마련하기로 했다. 일반보험의 재보험 전략도 다시 수립해 안정적 손익이 나도록 리스크 관리를 강화한다. 홍성우 삼성화재 경영지원실장은 ""코로나로 불확실한 환경 속에서도 본업 수익 기반을 다지고 해외투자, 신사업 등을 통해 내실 성장을 이룰 것""이라며""올해도 작년 이상의 성과를 내도록 노력하겠다""고 밝혔다. 지난해 삼성화재 원수보험료는 19조5천485억원으로 2019년보다 3.8% 늘었다. 종목별로 자동차보험과 일반보험은 각 12.6%, 5.8% 성장했지만, 장기보험은 0.2% 감소했다. 보험영업효율을 판단하는 합산비율은 작년보다 1.5%포인트 낮은 104.4%로 집계됐다. 코로나19로 차량 운행이 줄어 자동차보험 손해율이 작년보다 5.8%p 떨어진데 가장 큰 영향을 받았다. 이에 따라 작년 삼성화재는 전년보다 25.9% 많은 7천668억원의 당기 순이익을 거뒀다. 2020년말 기준 자산은 91조7천210억원, RBC 비율은 303.3% 수준이다. ",삼성화재,AKR20210218142200002,AKR20210218142200002,2,201001,0
"김경호-서문탁 대결…MBC 오! 나의 파트,너 10일 방송",,"MBC TV는 방송인 장성규를 단독 MC로 내세운 파일럿 음악 예능 프로그램 오! 나의 파트,너를 오는 10일 오후 8시 30분 처음 방송한다고 3일 예고했다. 이 프로그램은 대한민국을 대표하는 뮤지션 두 팀이 출연해 정체를 알 수 없는 파트너 후보 5명 중 원하는 파트너를 선택하기 위해 치열한 게임을 펼치는 내용이다. 뮤지션은 선택한 파트너와 함께 완벽한 하모니를 완성, 청중 평가단 평가로 최종 우승팀을 가린다. 첫 번째 뮤지션으로는 김경호와 서문탁이 출격한다. 두 사람 맞대결은 각자 데뷔 후 처음이다. ","오! 나의 파트,너",AKR20200103033700005,AKR20200103033700005,4,701001,0
효 문화 도시 대전 중구 제2뿌리공원 조성한다…2022년 완공,"박용갑 구청장 ""추진 현황 꼼꼼하게 살펴 효 테마파크 완성""","국내 대표적 효 문화 도시인 대전 중구가 16일 제2뿌리공원 조성을 위한 단추를 끼웠다. 중구는 이날 청사 중회의실에서 행평근린공원 조성계획 결정용역 착수보고회를 했다. 설계감리비 몫의 국비 7억5천만원을 확보한 후 밟은 첫 번째 행정 절차다. 이 사업은 제2뿌리공원 조성을 골자로 한 효 문화 뿌리 마을 건립 계획의 하나다. 대전 중구 침산동에는 전국 유일의 성씨 테마공원인 뿌리공원이 있다. 중구는 이 인근 15만5천833㎡ 규모 용지에 가족 단위 문화체험형 편의시설을 조성할 계획이다. 사업비로 301억원을 투입한다. 오는 7월까지 진행되는 용역에선 세부 시설별 조성 가이드라인을 구축한다. 중구는 이후 공원 조성계획용역, 교통·환경·재해·문화재 영향평가, 기본·실시설계, 대전시 도시공원위원회 심의 등을 올해 중 마칠 방침이다. 제2뿌리공원 완공은 2022년으로 예정돼 있다. 박용갑 중구청장은 ""성씨 조형물 244기가 위치한 뿌리공원은 늘어나는 관람객과 문중에서의 추가 조형물 조성요청 등으로 공간적 한계에 부딪힌 상황""이라며 ""제2뿌리공원 추진 현황을 꼼꼼히 살펴 진정한 효 테마파크를 완성할 것""이라고 말했다. ","박용갑 대전 중구청장이 16일 청사 중회의실에서 열린 행평근린공원 조성계획 결정 용역 착수보고회에서 ""제2뿌리공원 조성을 골자로 한 효문화 뿌리마을 사업을 꼼꼼하게 살펴 원활하게 추진할 것""이라고 말하고 있다. 대전 뿌리공원 전경",AKR20190116128000063,AKR20190116128000063,3,107001,0
경남서 소규모 집단감염 잇따라…교회 이어 노래방 매개,대한예수교침례회 거창교회 10명 이후 창녕 동전 노래방 6명 확진,"경남지역에서도 교회와 노래방 등 다중이용시설에서 소규모 신종 코로나바이러스 감염증 집단감염이 잇따라 방역당국이 정밀 역학조사를 벌이고 있다. 경남도는 5일 오전 현재 도내 코로나19 확진자 중 대한예수교침례회 거창교회 관련 감염 10명에 이어 창녕 동전 노래방이 감염경로로 추정되는 확진자 6명이 발생했다고 밝혔다. 창녕군 창녕읍의 케이팝 동전 노래방과 관련한 확진자가 전날까지 도내 51번째, 56번째, 61번째, 70번째, 71번째 등 5명이 발생했다. 5일에는 76번째 확진자가 추가로 나왔다. 이 중 첫 확진자인 51번은 노래방 관리자로 지난달 23일 첫 코로나 증상을 느꼈다고 진술했다. 이 때문에 노래방은 지난달 26일부터 운영이 중단됐고, 다음날인 27일 폐쇄됐다. 61번째 확진자는 지난달 17일 노래방을 방문했고 그 사이 두 차례 친구인 56번째 확진자 집에 머물렀다. 도는 이때 56번 확진자가 61번 확진자로부터 감염됐을 것으로 보고 있다. 도와 창녕군 역학조사팀은 51, 56, 61번 확진자를 조사하는 과정에서 동전 노래방을 유력 감염지로 의심했다. 이에 따라 창녕군이 재난문자와 홈페이지 등에서 2월 15일부터 동전 노래방이 마지막으로 운영됐던 25일까지 노래방을 다녀간 사람은 자진신고해 달라고 안내해 지난 4일까지 195명을 확인, 모두 코로나바이러스 검사를 진행했다. 이 결과 70, 71, 76번 확진자를 추가로 확인했다. 70번은 지난달 23일과 24일, 71번은 같은 달 20일, 76번은 같은 달 17일과 23일 노래방을 찾았던 것으로 파악했다. 도는 자진신고자 195명 중 양성 3명 이외에 나머지는 음성으로 나왔고, 노래방 방문자와 접촉자 등은 추가 확인되는 대로 검사를 진행할 계획이다. 김명섭 도 대변인은 ""확진자 사이 감염 선후 관계와 또 다른 감염경로가 있는지에 대해 다양한 가능성을 열어두고 조사 중이다""며 ""51번 확진자도 초기에 집에만 있었다고 진술했으나 주변 탐문과 휴대전화 GPS 기록 등을 확인한 이후 노래방을 감염경로로 확인했다""고 설명했다. 그러나 노래방과 관련해 처음 확진된 51번 확진자는 어디에서 감염됐는지 아직 확인되지 않고 있어 도와 창녕군이 계속 조사하고 있다. 앞서 대한예수교침례회 거창교회에서는 지난달 26일 34∼36번째 확진자 3명이 발생한 이후 27일 2명, 28일 5명이 차례로 코로나19 양성 판정을 받아 도내 집단감염지로 주목받았다. 거창교회 관련 확진자들은 경북 안동 확진자와 함께 거창교회에서 예배를 본 것이 주요 감염경로로 추정된다. 거창군에서는 거창교회 이외에도 웅양면에서 지난 3일과 4일 66∼69번째 등 4명의 확진자가 차례로 나와 소규모 집단감염이 아닌지 의심했다. 도와 거창군의 역학조사결과 66번째와 67번째는 부부, 68번째와 69번째는 마을 지인이다. 68, 69번 확진자가 지난달 16일 대구를 다녀왔고 같은 달 18일 69번이 66번 확진자와 저녁 식사를 한 것으로 파악됐다. 특히 66번 확진자가 웅양면에서 고향할인마트를 운영해 도는 감염 확산을 우려하고 있다. 이에 따라 거창군은 지난 4일 오전부터 웅양면에 임시 선별진료소를 설치해 확진자가 발생한 2개 마을 주민 236명을 대상으로 전수조사를 진행 중이다. 증상 유무, 대구·경북 방문자, 신천지 관련 여부 조사와 함께 위험도가 높은 65세 이상 101명을 우선 검사하고 있다. 김 대변인은 ""중앙재난안전대책본부가 대구 이외 지역에서는 교회나 운동시설을 중심으로 소규모 집단감염 양상이 나타난다고 밝혔다""며 ""경남에서도 교회, 노래방 등에서 유사한 경우가 나타나는 것으로 보여서 모임이나 다중이용시설에 대한 각별한 주의가 필요한 시점이다""고 말했다. ",PC방·노래방 집단감염,AKR20200305100300052,AKR20200305100300052,7,107001,0
병풍 속 잠자던 조선시대 기상 기록 100여 년 만에 복원,"국가기록원, 관상감청향력고준등록 복원…국립기상박물관 통해 공개","병풍 속에서 훼손된 채 100여 년 동안 잠들어 있던 조선 시대 기상기록이 제 모습을 찾았다. 국가기록원은 조선 시대 후기 국가 천문기관인 관상감에서 작성한 것으로 추정되는 관상감청향력고준등록을 복원했다고 30일 밝혔다. 관상감청향력고준등록은 임금에게 보고한 공문서를 시기순으로 그대로 옮겨 적은 것으로 1년에 1회 작성된 것으로 알려졌다. 이번에 복원된 기록에는 정조 14년부터 고종 27년까지 100년 사이의 기록 중 25건이 담겨있으며, 조선 시대 천문학과 당시 관상감의 활동을 알 수 있는 역사 자료로서 중요한 가치를 가진다고 기록원은 설명했다. 그 내용을 보면 조선과 중국의 역서 내용을 대조해 천체현상과 절기 날짜를 분석하고, 중국과 차이가 있으면 우리 실정에 맞게 분석한 내용이 주로 담겼다. 실제 1865년 12월 26일의 기록에는 청나라 역서와 우리나라 역서를 대조해보니 1866년의 입동이 하루 차이가 있는데 이는 기산일의 차이로 인한 것이니 우리 역서에 따라 시행하는 것이 어떠하겠는지 문의하는 내용이 기록돼있다. 이번에 복원된 관상감청향력고준등록은 2015년 개인이 소장한 병풍을 수리하던 도중 병풍의 나무틀에서 조각난 상태로 발견됐다. 이후 소장자가 기상청에 기증해 기상청이 보관해오다 올해 5월 국가기록원에 복원을 신청했다. 복원 신청 당시 관상감청향력고준등록은 수십 장으로 조각난 상태였으며 물 얼룩과 곰팡이 오염으로 인한 결실 부위도 많았다. 국가기록원 복원팀은 조각을 일일이 맞춰 14장의 온전한 기록을 완성하고 오염물질 제거 후 천연 염색한 한지를 이용해 원래의 모습으로 복원했다. 복원에만 4개월이 걸렸다고 기록원은 전했다. 복원 결과, 기록의 가장자리에 5개의 책 구멍이 발견돼 원본은 책자 형태인 것으로 추정된다. 이번에 복원된 관상감청향력고준등록은 이달 30일 개관하는 국립기상박물관에 전시돼 다음 달부터 관람할 수 있다. 관상감청향력고준등록이 일반에 공개되는 것은 이번이 처음이다. 김종석 기상청장은 ""훼손이 심했던 중요한 기상유물을 복원해준 국가기록원에 감사하다""며 ""선조들이 전해준 날씨와 관련한 기록물을 발굴하고 소중히 보존해나가겠다""고 말했다. ",관상감청향력고준등록 훼손 상태와 복원 과정관상감청향력고준등록 복원 전·후 모습,AKR20201029138100530,AKR20201029138100530,4,106001,0
울산 고령자 운전면허 자진 반납하면 10만원 교통카드 지원,,"울산시와 울산지방경찰청은 3월 2일부터 운전면허를 자진 반납한 고령자에게 10만원이 충전된 교통카드를 지원한다. 대상은 울산 거주자 만 65세 이상으로 올해 들어 운전면허증을 자진 반납하고 지원을 신청하는 선착순 1천명이다. 신청은 가까운 경찰서 민원실과 울산운전면허시험장을 방문해 운전면허증을 반납하고 교통비 지원서를 작성하면 된다. 올해 1월 1일부터 3월 2일 사이에 이미 면허를 반납한 어르신은 교통카드 신청 기간 내 경찰서나 운전면허시험장에 방문해 신청서를 추가 제출하면 된다. 이번 사업은 긴급 상황에 신속한 대처가 어려워 교통사고를 일으킬 가능성이 큰 고령 운전자들이 대중교통을 이용하도록 유도하기 위한 것이다. 울산에서 고령 운전자가 낸 교통사고는 2016년 355건, 2017년 407건, 2018년 444건으로 증가 추세다. 만 65세 이상 운전면허 소지자도 2016년 4만1천명, 2017년 4만7천명, 2018년 5만3천명으로 늘어나고 있다. 시 관계자는 ""지속해서 관련 정책을 추진해 어르신 교통사고 줄이기에 최선을 다하겠다""고 말했다. ",고령운전자 운전면허 반납  ,AKR20200117019300057,AKR20200117019300057,3,107001,0
쏘카 작년 영업손실 264억…전년 대비 63%,"박재욱 대표 ""올해 가맹택시·대리운전·중고차 판매 강화""","쏘카는 지난해 매출이 2천597억원으로 전년 대비 1.2% 증가했다고 29일 밝혔다. 영업손실은 716억원에서 264억원으로 63.1% 감소했다. 쏘카는 ""지난해 신종 코로나바이러스 감염증 확산으로 인한 이동 감소에도 불구하고 카셰어링 사업 매출 상승과 수익성 개선에 힘입어 손실 규모를 크게 줄였다""고 설명했다. 주력인 카셰어링 사업 매출은 2천62억원으로 11.4% 증가했다. 카셰어링 구독 상품 쏘카패스 누적 가입자가 40만 명을 돌파했고, 장기 대여 상품 쏘카 플랜 누적 계약 건수는 6천 건을 넘겼다. 박재욱 쏘카 대표는 ""올해는 카셰어링 사업의 성장을 가속화하고, 가맹택시·대리운전·중고차 판매 등 신규 사업의 서비스를 고도화해 매출과 수익 모두 괄목할만한 실적 개선을 끌어내겠다""고 말했다. ",쏘카,AKR20210329058300030,AKR20210329058300030,2,410002,0
"미국 미시시피주, 여성 성전환 운동선수 여성부 출전 금지","""생물학적 남성으로부터 여성스포츠 보호""시민단체 ""여성 되고픈 성소수자 차별"" 반발 ","남성에서 여성으로 성전환한 운동선수들의 여성부 경기 출전이 미국 미시시피주에서 금지된다. 미시시피주 하원은 이 같은 내용을 담은 미시시피 공정법을 찬성 81표 반대 28표로 3일 가결했다고 ABC방송이 보도했다. 이 법안은 지난달 주 상원에서 찬성 34표 반대 9표로 가결됐으며, 테이트 리브스 주지사의 승인만을 남겨놓고 있다. 리브스 주지사는 평소 성전환 선수들이 여성팀에서 활동하는 것을 허용하는 정책에 부정적이었던 것으로 알려져 있다. 법안이 시행되면 미국대학스포츠협회나 미시시피고등학교 운동협회에 가입한 학교들은 운동부에 남성, 여성, 양성 등 성별을 붙여야 한다. 태어날 때 남성이었다가 여성으로 성전환 수술을 받은 선수들은 이중 여성팀 소속으로 활동할 수 없게 된다. 다만, 남성팀에 들어갈 수는 있다. 미시시피 공정법을 지지한 앤절라 힐 미시시피 주 상원의원은 ""코네티컷주에서 진행된 고등학교 육상부 경기에서 성전환 선수들이 우승을 차지했다는 사실을 알게 된 후 해당 법안을 발의해야겠다고 생각하게 됐다""라고 말했다. 힐 의원은 ""만약 신체적으로 불공정한 조건을 지닌 생물학적 남성들로부터 여성 스포츠를 보호하지 않는다면, 결국 여성부 경기를 볼 수 없게 될 것""이라고 강조했다. 시민사회에서는 미시시피 공정법을 비판하는 목소리도 나왔다. 성 소수자 인권단체인 휴먼라이츠 캠페인의 알폰소 데이비드 회장은 ""여성 성전환자를 여성과 함께 출전하지 못하도록 막는 것은 정당화될 수 없으며 차별과 마찬가지""라면서 ""미시시피주는 역사의 잘못된 편에 섰다""라고 지적했다. 그는 ""여성 성전환자들도 다른 여성들처럼 팀에 소속돼 경기를 뛰고 싶을 뿐""이라면서 "" 청소년기에 길을 찾으려고 애쓰는 성전환 학생들의 삶이 더 곤란해질 것""이라고 덧붙였다. 한편 미국시민자유연합에 따르면 미국에서는 성전환 학생들의 스포츠 참가를 제한하는 법안을 내놓은 주가 점점 많아지고 있다. 올해 미시시피주 공정법과 비슷한 법안을 추진하고 있는 주는 25곳으로, 지난해의 18곳보다 많아졌다. 여성 성전환 선수들의 여성부 경기 출전을 금지한 첫 주는 아이다호주다. 위스콘신 주의회도 이번 주 비슷한 내용의 법안을 제출한 상태다. ",코네티컷주 고등학교 여성부 육상 경기에 참여한 선수들의 모습,AKR20210304142700009,AKR20210304142700009,6,1101001,0
"국민연금, 호텔신라 지분율 ",,국민연금공단은 보유한 호텔신라 주식이 직전 보고일인 올해 3월 19일 542만4천912주에서 7월 18일 502만9천595주로 감소했다고 4일 공시했다. ,,AKR20191004074100008,AKR20191004074100008,2,302012,0
"수원소식 에이치모터스, 한국백혈병어린이재단에 기부금 전달",," 에이치모터스, 한국백혈병어린이재단에 기부금 전달 볼보자동차 공식 딜러 에이치모터스는 31일 경기 성남시 분당서현 전시장에서 한국백혈병어린이재단에 기부금 4천만원을 전달했다. 전달된 기부금은 소아암으로 투병 중인 어린이의 치료비로 사용될 예정이다. 에이치모터스 황호진 대표는 ""소아암으로 고통받는 어린이들과 그 가족들에게 이번 기부금 전달로 꿈과 희망을 전하고 싶다"" 며 ""앞으로도 도움이 필요한 이웃들에게 희망을 줄 수 있는 지원사업과 다양한 임직원 참여 사회공헌 활동을 하겠다""고 말했다. 에이치모터스는 사회공헌 활동의 일환으로 지난해와 올해 경기도 성남시의 장애인들을 위한 기부금을 사회복지법인 따뜻한 동행에 전달한 바 있다.","에이치모터스, 한국백혈병어린이재단에 기부금 전달 볼보자동차 공식 딜러 에이치모터스는 31일 경기 성남시 분당서현 볼보자동차전시장에서 한국백혈병어린이재단에 기부금 4천만원을 전달했다. 에이치모터스 황호진 대표와 한국백혈병어린이재단 서선원 사무총장이 기념촬영을 하고 있다. ",AKR20200131174500061,AKR20200131174500061,7,502003,0
외부인 출입제한 경찰특공대 사격장 멋대로 운영…전 대장 감찰,"부하직원에게 모욕적 언사 의혹도…해당 경찰관 ""본인 불찰""","부산경찰청은 소속 대원이 아닌 외부 경찰관에게 특공대 사격연습장을 무단으로 이용하게 하고, 부하직원에게 모욕적인 발언을 한 의혹이 제기된 전 특공대장 A경감에 대해 감찰조사를 하고 있다고 21일 밝혔다. A경감은 지난해 9월 부산경찰청 특공대 대장으로 있던 중 부대 소속 경찰관이 아닌 부산 한 지구대 대장 B경감을 특공대 사격장으로 불러 사격 연습을 시켜줬다. 특공대 사격장은 경찰관이라 하더라도 절차에 따라 허가를 받아야 한다. A경감은 과거 함께 근무했던 B경감으로부터 사격 평가 점수가 낮게 나온다는 고민을 듣고 B경감을 불러 사격 연습을 시켜줬다. A경감은 평소 부대원들에게 모욕성 언행을 했다는 의혹도 받고 있다. A경감은 부대원들의 업무 수행이나 행동이 마음에 들지 않을 경우 ""부대를 나가라""는 등의 말을 반복적으로 한 것으로 전해졌다. A경감은 감찰조사과정에서 ""부대 특성상 엄격한 규율을 적용한 점이 있지만 모욕적 의도는 없었다""면서 ""B경감 사격 연습에 대해서는 불찰로 받아들인다""는 입장을 밝혔다. 부산경찰청은 ""사격장 관리책임자의 개인적 일탈 행위로 발생한 일이지만, 이번 사건을 계기로 특공대 사격장 운영 부분에 대해 집중 점검을 하고, 재발하지 않도록 시스템을 구축하겠다""고 밝혔다. ",부산경찰청 전경,AKR20190321076600051,AKR20190321076600051,3,101002,0
"국민당 못쓰게 된 안철수, 대안으로 다시 국민의당","선관위 항의방문 ""쓴웃음만 나와…국민과 함께 이겨낼 것""","신당 명칭으로 국민당을 쓸 수 없게 된 안철수 전 의원이 국민의당을 대안으로 추진한다. 안 전 의원이 이끄는 신당 창당준비위원회는 14일 긴급회의를 열어 국민의당을 당명으로 하기로 하고 중앙선거관리위원회에 신청서를 접수했다. 창준위 집행위원회의 장환진 부위원장은 이날 연합뉴스와의 통화에서 ""시간이 많지 않고, 국민 인식과 홍보 등을 고려해 국민의당을 선택했다""며 ""4년 전 창당 초심으로 돌아가겠다는 취지""라고 밝혔다. 장 부위원장은 ""어제 국민당이 안 되면 국민의당은 괜찮냐고 선관위에 물었더니 가능하다는 답을 받았다""며 ""이에 따른 결과를 조속히 통보받기로 했다""고 말했다. 중앙선관위는 안 전 의원이 추진하는 신당 명칭으로 안철수 신당을 불허한 데 이어 국민당도 불허했다. 이에 안 전 의원이 4년 전 창당했던 국민의당 명칭을 다시 쓰기로 했다는 것이다. 안 전 의원은 잇따른 당명 불허 방침에 항의하는 차원에서 이날 경기도 과천 중앙선관위를 방문했다. 그는 ""참 쓴웃음만 나온다. 뭐가 두려워 이런 무리한 결정을 내렸는지 모르겠다""며 ""정당한 검찰 수사를 막으려는 것처럼 새 개혁 정당의 탄생을 방해하는 것 아니겠나""라고 말했다. 안 전 의원은 ""이럴수록 우리가 가고자 하는 길이 옳다는 확신을 느낀다""며 ""어떤 방해가 있더라도 개혁과 변화를 바라는 국민과 함께 이겨내겠다""고 했다. ",당명 사용 불허 결정 관련 기자회견 하는 안철수국민당 안철수 창당준비위원장이 14일 오전 경기도 과천 중앙선거관리위원회 앞에서 중앙선거관리위원회의 당명 사용 불허 결정과 관련해 입장을 발표하고 있다. 당명 사용 불허 결정 관련 기자회견 하는 안철수국민당 안철수 창당준비위원장이 14일 오전 경기도 과천 중앙선거관리위원회 앞에서 중앙선거관리위원회의 당명 사용 불허 결정과 관련해 입장을 발표하고 있다. ,AKR20200214071700001,AKR20200214071700001,1,101001,0
김천교도소서 재소자 2명 코로나19 추가 확진,"최초 확진자와 같은 방 사용한 재소자들…""교도소내 확산 우려""","경북 김천교도소 재소자 2명이 추가로 신종 코로나바이러스 감염증 확진 판정을 받았다. 2일 김천교도소 등에 따르면 지난달 29일 코로나19 확진 판정을 받은 재소자 A씨와 같은 방을 사용한 재소자 2명이 추가로 양성 판정을 받았다. 이로써 김천교도소 내 코로나19 확진자는 3명으로 늘어 확산이 우려된다. A씨가 생활한 수감방에는 A씨를 포함해 모두 4명이 생활했는데, 3명이 코로나19 양성 판정을, 나머지 1명은 음성 판정을 받았다. A씨는 확진 판정 직후 구속집행정지로 출소했다. 이날 확진 판정을 받은 재소자 2명은 가족만남의 집에 격리 수용됐다. 보건당국은 재소자 29명과 교도관 18명에 대해 코로나19 검사를 했다. 재소자 29명 중 2명은 양성, 18명은 음성, 나머지 9명은 검사를 진행 중이다. 교도관은 18명을 검사해 12명은 음성, 나머지 6명은 검사가 진행 중이다. 보건당국은 코로나19 확진 판정이 나온 미결수 건물을 소독 방역하고 있다. 보건당국 관계자는 ""경북도 역학조사단이 김천교도소에서 역학조사를 진행 중""이라며 ""아직 최초 감염원이 누구인지 확인되지 않았다""고 밝혔다. ",김천교도소 재소자 2명 코로나19 추가 확진,AKR20200302172551053,AKR20200302172551053,3,106001,0
박스권 장세에 1분기 ELS 발행액 15% 감소,,"올해 1분기 국내외 증시가 박스권 흐름을 보이면서 주가연계증권 발행액이 크게 준 것으로 나타났다. 금융감독원은 27일 올해 1분기 ELS 발행액은 19조8천억원으로 작년 1분기보다 15.4% 감소한 것으로 집계됐다고 밝혔다. 직전 분기인 작년 4분기와 비교하면 18.5% 줄어든 수준이다. 국내외 증시의 변동성이 축소되면서 ELS 제시 수익률이 낮아지자 투자 매력이 떨어진 것이 발행액 감소의 이유로 꼽힌다. 유형별로는 주가지수를 기초자산으로 하는 지수형 ELS가 17조7천억원어치 발행됐고 종목형 발행액은 1조9천억원에 그쳤다. 지수형 ELS를 기초자산별로 보면 유로스톡스50이 14조8천억원이었고 홍콩H지수 12조4천억원, 스탠더드앤드푸어스 500 11조1천억원, 니케이225 7조1천억원, 코스피200 4조7천억원 등 순이었다. 3개 이상의 기초자산을 편입한 ELS의 발행 비율은 81.3%로, 작년 1분기보다 2%포인트가량 늘었다. 이는 발행사들이 제시 수익률을 높이기 위해 기초자산의 수를 늘려 상품의 변동성을 증가시키려 한 영향으로 풀이된다. 1분기 중 ELS 상환액은 17조7천억원으로 지난해 1분기보다 5.3% 감소했다. 이에 따라 1분기말 현재 ELS 잔액은 74조4천억원으로 작년 말보다 2.1% 늘었다. 한편 기타파생결합증권은 올해 1분기 6조3천억원이 발행돼 작년 동기보다 발행액이 24.1% 감소했다. 특히 원금보장형 DLS 발행액이 지난해 1분기 4조원에서 올해 1분기 2조2천억원으로 크게 줄었다. 1분기 중 DLS 상환액은 5조6천억원으로 지난해 1분기보다 15.2% 줄었다. 이에 따라 DLS 잔액은 39조3천억원으로 작년 말보다 1.0% 증가했다. 올해 1분기 파생결합증권 투자자의 투자이익은 7천억원으로, 작년 같은 기간보다 1천억원 늘었다. ELS 투자수익률은 평균 3.6%이고 DLS 투자수익률은 평균 2.6%로 집계됐다. 올해 1분기 증권사의 파생결합증권 발행·운용 이익은 2천632억원으로 지난해 1분기보다 28.5% 줄었다. 1분기 말 현재 원금손실구간에 도달한 ELS와 DLS 잔액은 각각 3천579억원과 105억원으로 각각 전체 원금 비보장형 잔액의 0.6%, 0.1%를 차지했다. ",지수형 ELS 기초자산 발행현황 ,AKR20190627062300008,AKR20190627062300008,2,201001,0
"전북 환경단체 ""해수유통 없는 새만금 수상 태양광 반대""","새만금 수질 갈수록 악화…""리조트·카지노 개발 멈춰야""","전북지역 25개 시민·환경단체로 구성된 2020 새만금해수유통 전북행동은 25일 도청 브리핑룸에서 기자회견을 열고 ""해수유통 없는 새만금 수상 태양광 발전사업에 반대한다""고 밝혔다. 전북행동은 ""산업통상자원부는 지난 19일 한국수력원자력이 신청한 세계 최대규모의 2.1GW의 수상 태양광 발전을 허가했다""며 ""새만금호의 수질이 최악으로 치닫는 상황에서 죽음의 호수 위에 태양광을 설치하겠다는 것은 무책임 행정의 극치이자 막개발이 아닐 수 없다""고 주장했다. 단체들은 이러한 주장의 근거로 최근 전북녹색연합 등 환경단체가 실시한 새만금 유역의 수질 조사 결과를 들었다. 당시 조사에서 새만금호 동진강 중간수역의 수질은 화학적 산소요구량 기준으로 수질 6등급에 해당하는 22.4ppm을 기록했다. 녹조의 원인인 클로로필a의 농도도 203.9ppm으로 6급수의 기준인 70ppm을 훌쩍 넘어선 것으로 나타났다. 전북행동은 ""최근 호수에 넓은 면적의 태양광 패널을 설치하면 식물성 플랑크톤이 증가해 녹조 발생 우려가 크다는 외국 연구팀의 조사 결과가 발표되기도 했다""며 ""환경부는 수질 오염을 가중하고 생태계 개선 계획이 없는 새만금 수상 태양광 발전사업을 반려해야 한다""고 강조했다. 단체들은 최근 새만금개발청이 주최한 세미나에서 나온 카지노가 포함된 새만금 복합리조트 건설 논의에 대해서는 막장이라는 용어까지 사용하며 강도 높게 비판했다. 전북행동은 ""새만금의 도박장 설치로 관광객이 늘어나는 긍정적인 효과가 일부 있을 수도 있지만, 도박 중독으로 인한 인간성의 파괴와 가정 파탄, 범죄 발생 등 사회적 문제를 야기할 수 있다""며 ""새만금을 죽이는 것도 모자라 돈을 빌미로 도민의 영혼을 파괴하려는 도박장 설치계획에 반대 입장을 분명히 한다""고 말했다. ","""해수유통 없는 새만금 개발 반대""",AKR20190725106300055,AKR20190725106300055,7,403003,0
"박지원 ""보안사 사진첩에 전두환 신군부 권력 찬탈 의도 드러나""","""5·18 왜곡·김대중 내란 음모 재판 증거로 기획 둔갑 시켜""","대안신당 소속 박지원 의원은 27일 ""보안사 5·18 사진 중 제9권 36쪽, 범죄 개요 문서 사진은 전두환 신군부가 김대중 전 대통령 석방을 요구하는 5·18 광주 시민 주장을 어떻게 왜곡해 권력을 찬탈하려 했는지 그 의도를 적나라하게 보여주고 있다""고 밝혔다. 박 의원은 이날 낸 보도자료에서 ""신군부는 5·18 항쟁 자체를 김대중 내란음모죄 증거 자료로 활용했다""며 이같이 주장했다. 사진에 보이는 문건은 김 전 대통령이 재야·학생들과 1980년 3월부터 연락·기획해 이후 5월부터 학내·가두시위를 주도하고 결국 폭도들의 조직적 폭력 시위로 발전시켜서 광주사태를 빚은 것으로 규정했다고 박 의원은 설명했다. 보안사의 모든 채증 사진은 이와 같은 조작된 결론을 증명하기 위한 것에 불과하다고 박 의원은 밝혔다. 박 의원은 또 ""사진첩 9권 맨 앞부분 표지에 의하면 이 자료들은 증거물 사진이라고 분류돼 이후 김대중 내란음모 사건의 재판 증거로 활용된 것으로 보인다""고 분석했다. 특히 김대중 내란음모 사건 범죄 개요 사진은 5·18 광주 민중항쟁을 어떻게 왜곡 활용했는지를 파악할 수 있는 핵심 증거로 누가 어떤 의도로 이러한 문건 작성을 지시했는지도 반드시 밝혀야 한다고 강조했다. 박 의원은 ""1980년 보안사가 생산한 이 사진들은 그동안 가해자들을 위한 자료로 일방적으로 활용됐지만, 39년 만에 국민에 공개된 만큼 이제는 5·18 진상규명, 피해자 명예회복, 가해자 단죄를 위해 올바르게 활용돼야 한다""고 밝혔다. ","질의하는 박지원 의원무소속 박지원 의원이 5일 국회 법사위 전체회의에서 질의하고 있다. 김대중 내란음모 사건 관련 보안사 기록 5·18민주화운동 당시 보안사령부가 생산한 사진첩 13권이 39년 만에 처음으로 26일 일반에 공개됐다. 사진은 당시 보안사가 생산한 범죄 개요 문서로, 김대중 전 대통령이 5·18을 일으킨 주모자라는 내용이 담겨 있다. 일명 김대중 내란음모 사건은 후일 재심을 통해 무죄로 판명 났다. ",AKR20191127112600054,AKR20191127112600054,7,101001,0
속초소식 속초의료원 분만산부인과 개소식,," 속초의료원 분만산부인과 개소식 강원도 속초의료원 분만산부인과 개소식이 오는 28일 열린다. 속초의료원 분만산부인과는 분만병원이 없어 어려움을 겪는 설악권 지역의 임산부들을 위해 강원도와 설악권 4개 자치단체가 14억5천800여만원을 투입해 개설했으며 지난 5일부터 업무를 시작했다. 업무 시작 후 지난 10일 첫 분만이 이뤄졌다. 24시간 운영되는 분만산부인과에는 산부인과 전문의 2명과 소아청소년과 전문의 2명, 마취과 전문의 2명, 마취간호사 1명, 분만간호사 6명, 간호조무사 1명이 배치됐다. 속초의료원은 ""고위험 산모·신생아 통합치료와 안전한 출산 인프라 구축을 위해 강원대학교병원과 업무협약을 하는 등 안전한 의료서비스 제공에 최선을 다하겠다""고 밝혔다.",강원도 속초의료원,AKR20201027068500062,AKR20201027068500062,7,501001,0
속보 코로나19로 전국 101개교 등교 못 해…어제보다 1곳 줄어,, 코로나19로 전국 101개교 등교 못 해…어제보다 1곳 줄어,온라인 수업하는 학교 ,AKR20200925100500530,AKR20200925100500530,3,503001,0
"""기후위기, 시간이 없다""…청소년들, 학교 결석한 채 도심시위","광화문 인근서 운동회 형태로 열려…""정부, 기후위기 적극 대응하라"" 촉구","""시간이 얼마 남지 않았습니다, 지구를 지켜주세요"", ""우리는 안전하고 깨끗한 세상에서 살고 싶어요"" 청소년들이 기후 변화에 대한 경각심을 높이고 현재의 환경 위기에 정부가 적극적으로 대응할 것을 촉구하며 거리로 나섰다. 학교에 가지 않은 채 개최한 이른바 결석 시위다. 청소년 기후 행동 주최로 27일 서울 광화문 인근 세종로소공원에서 열린 기후를 위한 결석 시위에 참여한 청소년 500여명은 미래 세대의 생존을 위해 정부와 어른들이 힘써 달라고 입을 모았다. 집회를 준비한 경기 용인외대부속고등학교 1학년 김도현 양은 ""기후 위기 시대에 태어나서 앞으로 오래 살아가야 할 청소년들이 여기 모였다""면서 미래에 대한 위기감, 절박함을 알리고자 시위를 준비했다고 설명했다. 한국외국인학교 도유라 양은 ""만약 정부가 지금 당장 해야 할 일, 기후 변화에 대한 정책을 미룬다면 결말은 인간 멸종, 지구 멸망""이라며 ""미래의 아이들이 먼저라고 여기고 행동으로 보여달라""고 호소했다. 서울 창경초등학교 박윤정 양은 환경에 대한 위기감을 시간으로 표현한 환경 위험 시계를 소개하며 ""지난해 우리나라의 시간은 9시 35분으로 위험 단계""라면서 ""우리 주변에서 할 수 있는 일, 작은 행동부터 함께하자""고 말했다. 무단 조퇴를 한 탓에 학교 소속을 밝힐 수 없다는 한 학생은 ""환경 문제로 학생들을 학교가 아닌 거리로 내모는 나라가 정말 두렵다. 정부는 청소년들의 이야기를 듣는 것만으로 끝나서는 안 된다""며 목소리를 높였다. 내년 연차 휴가를 당겨 쓰고 참석했다는 직장인 김보영 씨는 ""이미 한계를 초과한 상태에서 지구의 온도를 억제하기 위해 뭔가 해볼 수 있는 시간은 10년도 채 남지 않았다""면서 ""지구를 지킬 수 있는 마지막 10년을 함께해달라""고 말했다. 제천간디학교 교사 김은지 씨 역시 ""기후 행동은 기성세대를 향한 통렬한 비판이자 저항""이라며 ""청소년들은 기후 변화로 인해 자신들의 미래를 저당 잡힐 수 없다. 청소년 눈에 비친 현실을 엄중하게 받아들여야 할 때""라며 집회를 지지했다. 운동회 형태로 열린 이 날 집회에서 청소년들은 박 터뜨리기, 합동 제기차기 등 기후 위기에 대한 대응을 촉구하는 다양한 게임을 했다. 한쪽 볼에 지구 모양을 그린 한 여학생은 우리는 살고 싶어요라는 손팻말을 들기도 했다. 몇 가지 장례 물품과 거울을 마련해 놓고 기후변화에 대응하지 않으면 이 사진 속 주인공은 바로 당신이 될 것입니다라며 환경 위기를 시민들에게 경고하는 학생들도 있었다. 청소년들은 정부의 기후 변화 대응 척도를 평가한 성적표를 공개하면서 ""무책임한 기후 정책으로 학교에 있어야 할 청소년을 거리로 내몰았다""며 무책임 끝판왕 상을 수여하는 퍼포먼스도 연출했다. 청소년들은 현재의 기후 상황이 국가적 비상사태임을 정부가 인정하고 제도 및 정책 전반을 전환해야 한다고 촉구했다. 집회를 끝낸 이들은 청와대 사랑채 앞까지 행진한 뒤 청와대 측에 기후 위기 대응 성적표와 상장을 전달했다. ","""오늘 결석합니다""27일 서울 광화문 인근 세종로소공원에서 열린 9·27 기후를 위한 결석시위에 책상과 의자가 놓여 있다. 청소년들의 기후 행동 운동회27일 서울 광화문 인근 세종로소공원에서 열린 9·27 기후를 위한 결석시위에서 참석자들이 발언하고 있다. ",AKR20190927092400004,AKR20190927092400004,3,501001,0
"트럼프 앙숙 워런 ""트럼프, 2020년엔 자유인 아닐 수도""","""특검 수사 언급한 것""…형사처벌 가능성 거론해 논란일듯","2020년 미국 대통령선거에 출사표를 던진 엘리자베스 워런 민주당 상원의원이 앙숙인 도널드 트럼프 대통령의 형사처벌 가능성을 언급하며 또다시 저격했다. AP통신에 따르면 워런 의원은 10일 아이오와주 동부지역 시더 래피즈 유세에서 ""2020년이 되면 도널드 트럼프는 더는 대통령이 아닐지도 모른다. 사실, 그는 심지어 자유인이 아닐 수도 있다""고 쏘아붙였다. 전날 대선 출마를 공식 선언하고 유세전에 뛰어든 워런 의원은 ""매일 인종차별적인 트윗, 혐오스러운 트윗이 난무한다""면서 트럼프 대통령의 전매특허 격인 트윗 정치를 비판하기도 했다. 그러면서 사적이고 도발적인 공격으로 차기 대선의 프레임을 짜려는 트럼프 대통령의 의도를 차단해야 한다고 민주당 후보들에게 촉구했다. 워런 의원은 자유인 발언과 관련, 취재진에 2016년 대선 당시 트럼프 선거캠프와 러시아 측 공모 의혹인 러시아 스캔들 특검 수사를 비롯해 트럼프 대통령이 직면한 여러 수사를 언급한 것이라고 밝혔다. 민주당의 유력한 차기 대선 주자가 공개적으로 트럼프 대통령의 탄핵과 형사 처벌 가능성을 언급한 것이어서 논란이 일 것으로 보인다. 워런 의원은 트럼프 대통령 탄핵을 지지하느냐는 취재진 질문에는 언급을 삼가면서도 로버트 뮬러 특검이 수사를 마무리하고 수사 결과를 대중에게 공개할 수 있도록 해야 한다고 강조했다. 그러면서 ""현재 가는 길을 계속 가려면 우리 모두 단합해 많은 사람이 사실관계에 기반을 둔 합법적인 절차라는 점을 이해하도록 해야 할 것""이라고 부연했다. 러시아 스캔들과 관련해 트럼프 대통령의 옛 개인 변호사인 마이클 코언과 비선 참모 로저 스톤이 기소된 가운데 하원을 장악한 민주당은 의회 차원의 본격적인 조사를 공언하는 등 공세의 고삐를 바짝 죄고 있다. 차기 대선에서 트럼프 대통령의 유력한 대항마로 떠오른 워런 의원은 2016년 대선 당시 트럼프 저격수로 맹활약했고 이 때문에 트럼프 대통령과는 앙숙 관계로 종종 거론된다. 트럼프 대통령 역시 미국 원주민 혈통이라고 주장해온 워런 의원을 겨냥해 포카혼타스라고 조롱하며 골 깊은 반감을 드러내 보이곤 했다. 트럼프 대통령은 전날에도 트위터에서 ""내가 종종 포카혼타스라고 부른 엘리자베스 워런 의원이 오늘 대선 레이스에 합류했다""며 ""유세 길에서 보자, 리즈""라고 비꼬았다. 백악관은 당시 이 트윗이 무엇을 의미하는지 별다른 설명을 하지 않았다. 하지만 민주당 내 일각에서는 트럼프 대통령이 1830년대 체로키족 등 몇몇 원주민들이 그들의 터전에서 강제로 쫓겨난 사태를 일컫는 눈물의 길을 인용해 워런 의원을 조롱한 것이라고 비난했다. ","美대선출마 공식 선언한 트럼프 저격수 워런 상원의원 대선출마 선언한 워런 ""주말 아이오와서 첫 캠페인"" 트럼프, 워런 위원 대선출마 소식 소감 밝혀 도널드 트럼프 대통령이 지난 9일 트위터 글을 통해 ""내가 종종 포카혼타스라고 부른 엘리자베스 워런 의원이 오늘 대선 레이스에 합류했다""고 소개하면서 미국의 첫 아메리카 원주민 대선 후보로 레이스를 펼칠지 지켜보겠다고 말했다. ",AKR20190211032800009,AKR20190211032800009,6,1101001,0
"이인영 ""박근혜, 탄핵대통령이 옥중정치…선거개입 묵과 어려워""","""통합당, 도로 새누리당으로 과거회귀…국민 준엄히 심판""""추경, 국제사회 노력과 부합…추가대책 필요하면 과감한 정책""","더불어민주당 이인영 원내대표는 5일 박근혜 전 대통령의 이른바 옥중 서신과 관련, ""국정농단을 반성하기는커녕 다시 국민 분열의 정치 행동에 전 대통령이 나서는 것은 안타깝다""고 말했다. 이 원내대표는 이날 국회에서 열린 정책조정회의에서 ""박 전 대통령의 옥중 편지는 최악의 정치 재개 선언""이라면서 ""탄핵당한 대통령이 옥중 정치로 선거에 개입하는 행태도 묵과하기 어렵다""면서 이같이 밝혔다. 그는 특히 박 전 대통령의 옥중 서신에 미래통합당 황교안 대표가 총선 승리를 향해 매진해 오늘의 뜻에 부응할 것이라는 입장을 낸 것을 거론한 뒤 ""참으로 유감스럽고 또 유감""이라면서 ""통합당이 명실상부하게 다시 도로 새누리당이 됐다는 것을 알리는 정치선언""이라고 말했다. 이어 ""박 전 대통령 시절로 되돌아가자는 주장에 동의할 사람은 극히 일부""라면서 ""통합당은 보수의 변화를 바라는 우리 국민의 기대를 외면하고 결국 과거 회귀를 선택했다. 국민이 현명한 판단을 바탕으로 준엄하게 심판할 것""이라고 강조했다. 이 원내대표는 신종 코로나바이러스 감염증에 대응하기 위한 추경과 관련, ""세계는 코로나 사태 이후를 대비하고 있다""면서 ""이번 추경은 이런 국제사회 노력과 궤를 같이하는 것으로, 국제사회와 발맞춰 코로나 전개 상황에 따라 추가 대책이 필요하면 과감한 정책을 주저하지 않을 것""이라고 밝혔다. 그는 4·15 총선 선거구 획정에 대해선 ""여야는 최소 조정과 구역 조정 최소화 원칙에 따라 새 합의안을 마련했다. 여야 합의가 늦어진 것에 대해 송구하다""면서 ""오는 7일부터 재외국민 선거인명부 열람 신청이 시작한다. 선거구 획정위원회는 국회 합의에 기초해 시급히 획정안을 다시 제출해달라""고 말했다. ",발언하는 민주당 이인영 원내대표더불어민주당 이인영 원내대표가 5일 오전 서울 여의도 국회에서 열린 정책조정회의에서 발언하고 있다. 정책조정회의서 발언하는 이인영더불어민주당 이인영 원내대표가 5일 오전 서울 여의도 국회에서 열린 정책조정회의에서 발언하고 있다. ,AKR20200305057900001,AKR20200305057900001,1,101001,0
"中인민일보, 한국의 코로나19 경제 정상화 과정 주목","""한국, 닷새 연속 신규 환자 10명 이하…코로나19 상황 안정""","한국의 신종 코로나바이러스 감염증 상황이 안정세에 접어든 가운데 중국 관영 매체가 한국의 코로나19 방역 조치 성과와 장점에 관해 집중 보도했다. 중국공산당 기관지 인민일보 해외판은 28일 한국의 여러 조치 경제 안정 촉진해라는 제목의 기사에서 한국의 코로나19 방역 조치를 자세히 소개했다. 중국 관영 매체에서 한국의 방역 조치를 집중 조명한 것은 코로나19 발생 이후 사실상 처음이다. 인민일보는 ""한국은 지난 26일 신규 환자가 10명 발생하면서 닷새 연속 신규 환자가 10명 이하 상태를 유지하고 있다""면서 ""한국의 감염병 상황은 점차 안정되고 있고, 한국 정부는 일상 회복과 방역 업무를 병행하는 단계의 방역 조치에 들어갔다""고 전했다. 신문은 ""문재인 대통령이 경제부총리를 수장으로 한 긴급 경제 대응 체제를 가동해 기업과 자영업자, 노동자의 어려움을 해결하는 데 역량을 집중하고 있다""면서 ""정부 관료들이 자동차 업계 등 코로나19로 인한 피해 상황을 청취해 대응방안을 마련하고 있다""고 설명했다. 인민일보는 또 한국의 40조원 규모의 기간산업안정기금과 100조원 규모의 긴급금융지원자금을 편성하고, 민생경제 회복을 위해 긴급재난지원금 9조1천억원을 지급할 예정이라고 덧붙였다. 인민일보는 ""한국 여행업과 수출업계는 코로나19로 직격탄을 맞았다""며 ""한국 정부는 보조금, 감세, 이자감면 등 정책을 통해 기업을 지원해 난관을 극복해 나가고 있다""고 소개했다. ",재난지원금 추경 심사 시작…전국민 지급 잰걸음 ,AKR20200428046700083,AKR20200428046700083,6,1101001,0
"""이적망언"" ""친일터널""…민주, 국힘에 사과 촉구","DJ·盧 해저터널 공약 논란에 ""부산입장에서 안 따져봤을 것"" ","더불어민주당은 3일 국민의힘의 북한 원전건설 추진 의혹제기와 한일 해저터널 공약을 싸잡아 비판했다. 최인호 수석대변인은 이날 국회에서 기자들과 만나 ""한일 해저터널은 친일적 주장이기도 하지만, 가덕도 신공항에 반하는 주장이기도 하다""라면서 ""국민의힘은 부산 시민을 현혹한 것을 사과하고 공약을 취소하라""고 촉구했다. 이광재 의원은 한일 해저터널, 누구를 위한 터널인가로 박재호 의원 등과 공동주최한 긴급 토론회에서 ""김종인 위원장의 해저터널 발언은 1+1이 아닌 1-1이다. 부산을 더 어렵게 하는 것""이라면서 ""진지하지 못한 발언이었다""라고 성토했다. 부산시장 후보경선에 나선 김영춘 후보는 CBS 라디오에서 ""해저터널은 막 던지는 공약이다. 일본은 큰 이익을 보고, 부산은 손해가 막심할 것""이라고 주장했다. 김 후보는 과거 김대중 노무현 전 대통령이 해저터널을 언급하지 않았냐는 물음에는 ""그분들도 부산 입장에서 곰곰이 따져본 것은 아니었을 것""이라면서 "" 이야기가 안 나왔을 것""이라고 말했다. 민주당은 원전 의혹과 관련해서도 사실무근으로 판명 났다며 역공에 주력했다. 김태년 원내대표는 최고위원회의에서 ""북한에 전달했다는 USB는 미국에도 전달됐다""면서 ""제1야당 대표가 거짓 정보로 현직 대통령에 이적행위를 했다고 발언한 것은 헌정사상 최악의 국기문란 행위""라고 맹공했다. 김 원내대표는 ""아무리 선거 이용을 위한 정략적 발언이라도, 선을 넘은 것""이라면서 ""망언에 책임지고 공개 사과하라. 색깔론과 북풍 공작으로 선거에 도움을 얻어보려는 구태정치는 정치판에서 영원히 사라져야 한다""고 목소리를 높였다. 국민의힘 내부에서 만든 국회 대정부질문 가이드라인 문건에 적힌 ""반기업, 반시장경제, 반법치주의, 성폭행 프레임 씌우기"" 표현으로 논란이 불거진 데 대해서도 비난이 쇄도했다. 김종민 최고위원은 ""국회를 진흙탕 정쟁의 장으로 만들겠다는 충격적 지침""이라면서 ""김종인 위원장의 원전 발언, 오세훈 후보의 V발언 등 극우세력 카톡방에나 떠들만한 가짜뉴스를 공당 지도자가 당당히 말하는 걸 보면 보수정치 미래가 암담하다""고 꼬집었다. 송영길 의원은 페이스북 글에서 ""수준 이하라서 놀랐다. 친북, 빨갱이, 용공, 종북좌파 덮어씌우기로 장기집권한 보수정당의 맥을 이었다""고 비꼬았고, 우원식 의원은 ""성폭행 프레임이 가당키나 한가. 부끄러운 줄 알라""고 일갈했다. ",발언하는 김태년 원내대표더불어민주당 김태년 원내대표가 3일 국회에서 열린 최고위원회의에서 발언하고 있다. ,AKR20210203078600001,AKR20210203078600001,1,104020,0
"한진중공업 ""한진중공업홀딩스한국산업은행 최대주주 변경""",,한진중공업은 기존 최대주주의 무상감자 및 한진중공업 채권금융기관협의회 결의에 따른 출자전환으로 최대주주가 한진중공업홀딩스에서 한국산업은행으로 변경됐다고 10일 공시했다. 이날 한국산업은행은 채권금융기관협의회의 결의에 따른 출자전환으로 한진중공업의 지분 를 보유하게 됐다고 앞서 공시했다. ,,AKR20190510141251008,AKR20190510141251008,2,202007,0
울산 복지 사각지대 만 5세 미만 아동 95명 발굴·지원,,"울산시는 2월부터 빅데이터를 활용한 복지 사각지대 발굴 시스템에 통보된 만 5세 미만 아동 중 95명에 대해 공적·민간 지원을 했다고 8일 밝혔다. 시에 따르면 복지 사각지대 발굴 시스템은 보건복지부에서 격월로 공공요금 체납, 실직 등 35종의 경제적 위기 징후 자료를 전송하면, 읍·면·동 행정복지센터 복지 담당 공무원이 방문·전화 상담으로 긴급 복지, 기초생활수급 등 공적 지원과 민간 후원을 연계하는 제도다. 시는 만 5세 미만 아동이 시스템을 통해 발굴될 경우, 당초 처리 기간인 2개월보다 빠른 2주 이내에 선제적으로 읍·면·동 찾아가는 복지팀과 아동복지 담당자가 방문 조사를 했다. 그 결과 아동 232명을 발굴해 76명에게는 긴급복지 등 공적 지원을 하고, 19명에게는 민간 후원을 연계해 위기 상황을 해소했다. 시 관계자는 ""앞으로도 공공 빅데이터에 위기 징후가 포착된 만 5세 미만 아동에 대한 선제 조사를 시행해 적기에 개입할 수 있도록 하겠다""고 말했다. ",울산시청,AKR20210608010700057,AKR20210608010700057,7,107001,0
"유럽환경청 ""EU 내 사망자 8명 중 1명, 환경오염과 관련된 사망""",,"유럽 내 사망자의 13%는 사망 원인이 환경 오염과 관련돼 있다고 유럽환경청이 8일 한 보고서에서 밝혔다고 AFP 통신이 전했다. EEA는 보고서에서 세계보건기구 자료는 2012년 EU 27개 회원국과 영국 내 모든 사망자의 최소 13%, 63만명가량의 사망 원인이 환경적 요인에서 기인한다는 것을 시사한다고 밝혔다. 보고서는 유럽인들은 끊임없이 대기 오염, 소음, 화학물질과 같은 환경적 위험에 노출돼 있으며, 신종 코로나바이러스 감염증의 세계적 대유행은 인간 건강과 생태계 건강 사이의 뗄 수 없는 관계를 보여준 극명한 예라고 분석했다. 보고서는 이 같은 동물 매개 감염 병원균의 출현은 환경 악화와 식품 생산, 소비 과정에서 인간과 동물의 상호 작용과 관련이 있다고 설명했다. 또 환경적 요인의 영향은 사회, 경제적 여건에 따라 서유럽과 동유럽 간 차이가 컸다고 지적했다. 루마니아의 경우 사망자 5명 가운데 1명의 사망 원인이 오염과 관계가 있었다. 이에 비해 스웨덴과 덴마크에서는 사망자 10명 가운데 1명에서만 이 같은 연관성이 나타났다. 오염은 주로 암, 심혈관·호흡기 질환과 관련이 있었다. EEA는 ""이 같은 사망은 건강에 미치는 환경적 위험을 제거함으로써 피할 수 있었다""라고 강조했다. 보고서는 또 ""더 가난한 사람들은 공기 오염과 폭염, 혹한을 비롯한 이상기후에 불균형적으로 노출돼 있다""라면서 ""이는 그들이 어디에서 살고, 일하고, 학교에 다니는지와 연관돼 있다""라고 지적했다. EEA는 유럽 내 사람들의 건강과 환경을 향상하기 위해 녹지의 중요성을 강조하고, 교통량과 고기 소비를 줄이고 화석 연료 보조금을 없애는 방안 등을 제시했다. ",2016년 스페인 마드리드에서 대기오염을 줄이기 위해 교통 경찰들이 도로에서 교통 통제를 하는 모습. ,AKR20200908156700098,AKR20200908156700098,6,1101001,0
"""홍의장군의 지혜를 배우다""…의령 의병제전 성황리 폐막","서동생활체육공원 일대서 진행, 이호섭가요제 등 행사에 구름 관중","지난 18일부터 나흘간 펼쳐진 경남지역 대표 의병축제 제47회 의병제전이 성황리에 막을 내렸다. 홍의장군의 지혜를 배우다를 주제로 개최된 이번 행사는 의령 서동생활체육공원 전역을 축제장으로 활용해 진행됐다. 군은 의령지역 홍의장군 복장을 특성화한 홍의 드레스코드를 운영, 관광객과 방문객이 홍의철릭을 입고 축제장을 홍의의병 물결로 만드는 등 관광객 참여형 축제로 만들었다. 특히 역사축제의 특성화와 문화관광축제 도약을 위해 의전 위주의 기념식에서 탈피, 다양한 체험장과 문화예술공연, 수박축제 통합개최로 관광객에게 즐거움을 선사했다. 첫날인 18일에는 읍·면 농악경진대회를 시작으로 추모제향, 혼불채화, 안치, 달빛낙화놀이, 곽재우장군 유물 진품전 등 다양한 문화행사로 축제 분위기를 달궜다. 19일에는 임진왜란 때 곽재우 장군의 오지거를 모태로 의병 횃불행진과 퍼레이드가 충익사에서 서동생활공원까지 이어졌다. 충익사에서 개최된 학생 글짓기 및 그림 그리기 대회에는 800여명의 학생이 참가, 의병 혼이 서린 충익사 정원을 거닐며 봄볕과 함께 아름다운 문학 세계에 빠져들기도 했다. 사흘째인 20일에는 수박축제가 서동생활공원의 아름다운 숲을 배경으로 열려 문영수박 전시와 수박, 호박터널, 수박화채 무료시식 등 전국 시설수박 4대 주산지 명성을 알렸다. 이날 열린 이호섭가요제에는 관중 8천여명이 몰려 참가자들 경연과 초청가수들의 축하무대에 환호와 박수를 보냈다. 축제 마지막 날에는 의병 함성을 담은 의병마라톤 대회가 의령공설운동장에서 참가자 3천여명과 함께 진행됐다. 이선두 의령군수는 ""의병제전을 홍의장군 축제로 계승·발전시켜 다양한 문화공연과 함께 지역주민과 관광객이 참여할 수 있는 축제로 발전시켜 나가도록 하겠다""고 말했다. ",의병제전 달빛 낙화놀이의병제전 혼불안치의병 출정식,AKR20190422164100052,AKR20190422164100052,7,107001,0
"정승환 ""내 음악 색깔 고민…정통 발라드로 승부수 띄웠죠""","2년만의 신보 다섯 마디…""목소리 하나로 설명되는 가수였으면""""아이유·유희열·김이나 등 참여…나 참 복받았구나 싶었죠""","""이번 앨범을 구상하면서 제 음악 색깔에 대한 고민을 정말 많이 했어요. 내가 가장 잘할 수 있는 게 뭘까 생각하다가, 아무래도 정통 발라드가 아닐까 했죠. 이걸로 승부수를 띄우는 앨범을 만들고 싶었어요."" 발라드 세손다운 앨범이다. 국내 발라드 계보를 잇는 가수 정승환이 26일 2년여 만에 선보이는 새 EP 다섯 마디는 1번부터 5번 트랙까지 모두 감성적인 정승환표 발라드로 채워져 있다. 최근 강남구 안테나에서 만난 그는 ""앨범 초기 구상 때부터 발라드만 수록된 앨범을 만들기로 했다""며 ""모두 다른 이야기를 담은 곡이라 부담 없이 듣기 좋은 앨범""이라고 소개했다. 곡이 품고 있는 구체적인 스토리는 모두 다르지만, 사랑이라는 큰 주제가 앨범 전체를 관통하고 있다. 타이틀곡 친구, 그 오랜시간은 오랫동안 친구로 지낸 사람에게 느낀 사랑을 담은 발라드다. 나 어쩌면 아니 사실 난 말야 / 널 좋아하나 봐 / 나 어떻게 할까 / 이렇게 말하면 더 어색해질까 등 가사를 읽으면 풋풋하고 서툰 세레나데라는 느낌이 든다. 그런데 이 노랫말이 정승환의 목소리에 실리는 순간 왠지 모르게 먹먹해지고 실체 없는 그리움이 설핏 떠오른다. ""제 데뷔 앨범 이름이 목소리인데, 어떤 미사여구나 수식어보다 목소리로 설명되는 아티스트가 되고 싶다는 뜻을 담은 거예요. 지금도 마찬가지로 정승환이라는 가수를 설명할 때 목소리라는 단어 하나로도 충분하면 좋겠어요."" 수록곡 러브레터는 아이유가 작사·작곡해 정승환에게 선물했다. 아이유가 KBS 2TV 유희열의 스케치북에서 부른 것을 정승환이 본 뒤 소셜미디어에 이를 커버한 영상을 올린 게 계기가 됐다. 두 사람이 음악으로 만나는 것은 눈사람, 십이월 이십오일의 고백 이후 벌써 세 번째다. 정승환은 ""제 입으로 말하기 쑥스럽지만, 선배님께서 제가 본인이 의도한 가사의 방향을 잘 표현해준다고 하시더라고요. 특유의 시적인 표현과 뻔하지 않은 작법이 저의 결과 맞는다고 생각해서 시너지가 나는 게 아닌가 싶습니다."" 정승환과 여러 차례 곡 작업을 함께했던 노리플라이 권순관도 봄을 지나며와 그대가 있다면 두 곡을 정승환의 새 앨범에 실었다. 작곡가 헨은 수록곡 그런 사람을 작사·작곡했고 소속사 수장이자 프로듀서 유희열과 스타 작사가 김이나는 타이틀곡 작사에 참여했다. ""당시에는 하루빨리 앨범을 만들어야 해서 생각할 겨를이 없었는데 완성되고 크레디트를 쭉 보니 너무 대단한 사람들이 올라 있었다""며 ""내가 참 복 받았다고 생각했다""며 웃었다. 정승환 역시 두 곡의 작사에 참여했다. 그러나 그는 자신이 송 라이터가 아닌 보컬리스트라고 힘줘 말했다. ""저의 포지션은 가수이기 때문에 음악을 만드는 것은 가수로서 임무를 다한 다음의 이야기라고 생각해요. 앞으로 계속 곡 작업 참여 비중을 늘려 가겠지만 거기에 갇혀있거나 고집하지는 않으려고요."" 대신 연차가 쌓인 만큼 이번 앨범은 유희열이 아니라 정승환이 주도권을 쥐고 기획했다. 정승환은 유희열이 아이에게 두발자전거를 가르쳐주는 아빠 같았다고 비유했다. ""아빠들이 아이들 자전거 타는 법을 가르쳐줄 때, 뒤에서 잡고 있다가 슬쩍 놓잖아요. 그러고선 잡고 있다고 말하죠. 유희열 선배님께서도 방향은 잡아주셨지만 네가 좋으면 그게 맞는 거야. 그걸로 가라고 말씀하셨어요. 좋기도 하면서 한편으론 불안했죠."" 그렇게 만들어진 앨범을 안테나 내부에서는 ""띵반""이라고 상찬한다고 한다. 그러나 정승환은 자기 노래를 들을 때마다 ""이 부분을 더 잘 불렀어야 했는데"" 하고 습관처럼 아쉬워한다. ""가장 간절히 바라는 것은 이번 앨범에 실린 곡들이 꽤 많은 사람의 플레이리스트에 오래 머무르는 거예요. 매일매일 지겹도록 찾는 음악 아니어도 괜찮아요. 잊고 있다가도 문득 떠올라서 듣는 음악이 되는 것, 그게 가장 큰 목표입니다."" ",가수 정승환가수 정승환가수 정승환,AKR20210525159600005,AKR20210525159600005,4,712004,0
"서울교육청, 집콕 스트레스 학생 위한 정신건강 프로그램 보급",,"서울시교육청은 코로나19 탓에 집에 머무는 시간이 길어져 스트레스를 받는 학생들을 위해 온라인 보건교육 프로그램을 보급한다고 12일 밝혔다. 이번 프로그램은 학생들이 정신적 긴장을 풀어주는 이완요법을 쉽게 배울 수 있도록 도와주는 동영상과 자신의 스트레스 정도 등을 확인할 수 있는 체크리스트 등으로 구성됐다. 교육청 홈페이지와 서울교육포털, 교육부 학생건강정보센터, 유튜브 등에서 내려받거나 시청할 수 있다. 교육청은 초등학생과 중학생 대상 온라인 보건교육에 활용할 수 있는 4차시 분량의 정신건강 증진 수업용 동영상과 교사지침서도 함께 보급한다. ",,AKR20200410135900004,AKR20200410135900004,3,503001,0
"""고대설화와 포켓몬고 다를 것 없어…가상현실 흡사하죠""",프랑스 발레 프레스코화 11월 LG아트센터에 첫선,"""수백 년 전 벽화는 오늘날 젊은 세대가 열광하는 가상현실과 크게 다르지 않습니다. 실제로 존재하지 않는 이미지에 대해 질문을 던진다는 점에서, 포켓몬-고 게임과 흡사하죠."" 프랑스 현대 무용을 대표하는 안무가 앙줄랭 프렐조카주가 이끄는 프렐조카주 발레단이 11월 1∼3일 LG아트센터에서 최신작 프레스코화를 선보인다. 작품은 중국 청나라 시대 작가 포송령의 단편소설집 요재지이에 담긴 벽화 이야기를 모태로 한다. 한 서생이 불당 벽화를 감상하던 중 긴 머리 여인을 묘사한 생생한 그림에 몰입하다가 아름다운 환상 속으로 빠져들었다는 이야기가 골자다. 내한에 앞서 26일 이메일로 만난 프렐조카주는 젊은 관객을 위한 새로운 발레 작품을 모색하다가 이 이야기를 선택했다고 설명했다. ""남미, 아프리카, 유럽, 아시아 등 전 세계 다양한 이야기들을 찾아서 읽어보았죠. 그러다가 이 놀라운 이야기를 찾았습니다."" 원작 주인공이 긴 머리 여인에게 매혹되는 것처럼 이 작품에서는 머리카락의 움직임이 중요한 소재로 등장한다. 그림 속 여인들로 등장하는 다섯 여성 무용수가 긴 머리를 흔들며 인상적인 군무를 선보인다. 그는 ""작품에서 머리카락은 매우 중요한 상징으로 등장한다. 고대 중국에서 머리를 길게 풀어낸 여성은 자유를 상징한 반면, 머리를 묶어 올렸다면 이미 결혼했다는 뜻이었다""며 ""머리카락이 중요한 극적 흐름이 될 수 있다는 게 재미있었다""고 했다. 이어 ""다리, 팔, 몸이 아닌 무용수들의 머리카락을 어떻게 통제할 수 있을지 고민했다. 머리카락은 머리와 독립적으로 움직이기 때문에 특정한 움직임을 주려면 특정 포인트에서 멈춰야 했다""며 ""매우 창의적인 과정이었고, 이제 머리카락 움직임을 지칭할 새로운 단어를 만들어야 할 것 같다""고 덧붙였다. 중력을 거스르는 움직임의 미학인 발레에, 가장 정적인 벽화라는 제목을 붙인 것도 흥미로운 대목이다. 프렐조카주는 ""고정된 이미지가 우리 상상 속에서 움직이기 시작한다는 아이디어를 전달하고 싶었다""고 설명했다. 그는 ""가끔 박물관에 가서 그림을 볼 때, 저는 그림 속 사람들이 움직이고 자신의 이야기를 하는 것을 상상해본다""며 ""또한 움직이지 못하는 것은 움직임과 명확한 대비를 이룹니다. 예를 들면, 계속 움직이기만 하면 실제로는 움직임을 잘 볼 수 없다. 움직임을 멈추는 순간 움직임과 움직이지 않는 것의 대조가 명확해진다. 그게 재미있다고 생각했다""고 말했다. 그는 한국 관객들에게 다음과 같은 메시지를 남겼다. 이번이 다섯 번째 내한이라 한국 특유의 뜨거운 객석 문화가 친근하다고 했다. ""한국 관객들을 다시 만나게 돼 매우 기쁩니다. 한국 관객들은 매우 세련되고 문화적 수준이 높아요. 컨템포러리 예술도 매우 활발하게 펼쳐지죠. 그래서 한국 관객들을 만나는 것은 저에게 커다란 도전입니다."" ",프레스코화프랑스 안무가 앙줄랭 프렐조카주,AKR20191025121700005,AKR20191025121700005,4,701003,0
"이란 최고지도자, 마스크쓰고 공식석상 첫 등장",,"이란 최고지도자실은 12일 아야톨라 세예드 알리 하메네이 최고지도자가 마스크를 쓴 모습을 처음 공개했다. 아야톨라 하메네이는 이날 오전 집무실에서 의회 의장단과 화상 회의를 하면서 마스크를 쓰고 등장했다. 최고지도자실은 이 모습을 찍은 사진 여러 장을 홈페이지와 트위터를 통해 공개했다. 이란 보건 당국은 5일부터 외출시, 실내 대중시설에서 마스크 착용을 의무화했다. 대면 접촉 행사가 아닌데도 국가의 최고 존엄이라고 할 수 있는 최고지도자가 공개 석상에서 마스크를 쓴 모습을 공개함으로써 이란 국민에게 정부의 방역 시책을 강조하려는 뜻으로 해석된다. 앞서 하산 로하니 이란 대통령도 4일 마스크를 쓴 모습이 국영 방송과 대통령실 홈페이지를 통해 공개됐다. 이란의 신종 코로나바이러스 감염증 누적 확진자는 11일 현재 25만5천여명으로 중동 지역에서 가장 많다. 일일 신규 확진자가 최근 한 달여간 하루 2천500명 안팎을 유지하면서 진정되지 않는 흐름이고 일일 사망자는 오름세로 하루 200명을 넘는 날도 있다. ",마스크를 쓴 이란 최고지도자 아야톨라 알리 하메네이,AKR20200712045300111,AKR20200712045300111,6,1101001,0
中 춘제 귀경 시작…택시기사 마스크·승객은 뒷자리 권고,곳곳 차량 5부제 잠정 중단…베이징-허베이 시외버스 운행 재개베이징·상하이·충칭 등 대도시 업무 재개일 9일까지 연장,"중국 당국이 연장한 춘제 연휴가 지난 2일을 끝으로 종료된 가운데 중국 보건당국이 일상 복귀 후 신종 코로나바이러스 감염증 확산 방지를 위한 각종 대책 시행에 들어갔다. 중국 전염병 전문가들은 춘제 연휴가 끝나고 3일부터 귀경 행렬이 이어지면 당분간 확산세가 지속할 것으로 예상하고 있다. 3일 관영 신화통신 등에 따르면, 베이징을 비롯해 톈진, 청두, 란저우, 뤄양, 친황다오 등 15개 도시는 대중교통 이용을 줄이기 위해 차량 5부제를 잠정 중단하기로 했다. 베이징과 뤄양은 오는 9일까지 5부제를 중단하기로 밝혔고, 나머지 도시들 대부분은 이달 말 또는 재개 시점을 아직 통보하지 않았다. 일부 기업의 업무 재개 등에 따른 대중교통 이용객 증가에 대비해 위생 관리도 한층 강화됐다. 베이징시 등 주요 도시들은 모든 택시 운전사와 디디추싱 등 인터넷 차량 서비스 운전사의 마스크 착용을 의무화했고, 승객의 뒷자리 착석을 권고했다. 중국 교통위원회에 따르면, 주요 도시의 귀경 현황은 지난해 동기대비 30% 수준으로 대부분 귀경객이 고향에 머무는 것으로 조사됐다. 베이징, 상하이, 충칭, 항저우, 장쑤, 광둥 등 귀경객이 많이 몰리는 지역은 기업의 현장 업무 재개 일을 9일까지 연장해 귀경 후 신종 코로나 2차 확산을 예방하도록 했다. 이에 따라 9일까지 필수업종을 제외한 일반 기업들은 재택근무 또는 휴무를 연장해 본격적인 대이동은 이번 주 후반부터 이뤄질 것으로 보인다. 씨트립 등 여행사이트 통계에 따르면, 이번 춘제 연휴 상하이역에 도착한 철도 이용객 수는 1일 기준 86만명인 것으로 집계됐으며, 상하이 도착 기차표 환불 및 취소 승객 수는 1천237만명으로 조사됐다. 중국 철도 당국은 8∼10일에 귀경객이 가장 많이 몰릴 것으로 예상했다. 베이징시는 또 연휴 종료에 맞춰 춘제 연휴 동안 중단했던 시외버스 노선 중 출·퇴근자가 많은 베이징-허베이 노선 운행을 중심으로 단계적으로 재개한다고 밝혔다. ","""마스크만으로는 불안해"" 신종 코로나바이러스 감염증이 연일 맹위를 떨치고 있는 가운데 1일 중국 광둥성 광저우의 공항에 도착한 어린이들이 마스크에다 플라스틱 물병을 잘라 만든 얼굴 보호장치까지 쓰고 있다. ",AKR20200203036200083,AKR20200203036200083,6,1101001,0
"""그린뉴딜 성과 창출""…정부 컨트롤타워 가동",산업부·환경부 그린뉴딜 분과반 1차 회의,"산업통상자원부와 환경부는 12일 정부세종청사에서 그린뉴딜 분과반 1차 회의를 열고 그린뉴딜을 성공적으로 추진하기 위한 방안을 논의했다. 그린뉴딜 분과반은 정부가 지난달 발표한 그린뉴딜 종합계획을 속도감 있게 추진하기 위해 구성한 컨트롤타워로, 산업부·환경부 장관이 공동분과장을 맡고 국토교통부·과학기술정보통신부 등 관계부처 차관이 참여한다. 분과반 회의는 월 2회 개최되며 그린뉴딜 핵심과제의 추진상황 점검 스마트그린산단, 미래차 등 그린뉴딜 산업의 발전 방안 마련 민간기업과 지역으로의 확산체계 마련 등이 논의될 예정이다. 산업부 관계자는 ""앞으로 그린뉴딜을 성공적으로 추진할 수 있도록 업계, 지방자치단체와도 긴밀히 소통할 계획""이라고 말했다. ",그린뉴딜 분과반 회의에서 발언하는 성윤모 장관성윤모 산업통상자원부 장관이 12일 오전 세종시 정부세종청사에서 열린 그린뉴딜 분과반 1차 회의에서 발언하고 있다. 왼쪽은 조명래 환경부 장관. ,AKR20200811147000003,AKR20200811147000003,2,106001,0
"프로젝트그룹 아이즈원, 예정대로 다음달 활동 끝낸다",,"엠넷 프로듀스48을 통해 탄생한 프로젝트 그룹 아이즈원이 기존에 예정했던 대로 다음 달 활동을 종료한다. 엠넷과 스윙엔터테인먼트·오프더레코드는 ""아이즈원의 프로젝트 활동은 예정대로 오는 4월 마무리한다""고 10일 밝혔다. 이어 ""프로젝트 종료를 앞두고 12명 멤버들의 최선의 활동을 위해 각 소속사의 의견을 지속적으로 청취하며 논의를 해왔다""며 ""멤버 모두에게 감사의 마음을 전하며 향후에도 아티스트로서의 성장을 지지하도록 하겠다""고 말했다. 아이즈원은 오는 13일과 14일 양일간 온라인 단독 콘서트 ONE, THE STORY를 통해 팬들과 만날 예정이다. ",걸그룹 아이즈원,AKR20210310168900005,AKR20210310168900005,4,701001,0
태백 91세 위암환자 사후확진…국내 44번째·강원도민 첫 사망자,봉화해성병원서 숨져…자녀 등 밀접 접촉자 5명은 음성,"위암으로 경북 봉화군 봉화해성병원에 입원하고 있다가 숨진 강원도 태백 거주 91세 여성이 사후 신종 코로나바이러스 감염증 검사 결과 양성으로 확인됐다. 중앙방역대책본부는 6일 이 여성이 국내 44번째 코로나19 사망자라고 밝혔다. 강원도민 중 코로나19 관련한 첫 사망사례다. 태백시 등에 따르면 A씨는 코로나19 확진 판정을 받은 환자와 같은 층에 입원해 있다가 위암으로 지난 4일 숨졌다. 시는 태백병원 장례식장으로 운구된 A씨를 비롯해 A씨의 아들과 며느리, 장례지도사 2명, 운구자 1명 등 밀접 접촉자 5명을 검사한 결과 A씨는 양성으로, 접촉자 5명은 음성으로 확인했다. A씨의 자녀가 봉화해성병원 확진자 발생 소식을 접하고, 태백시보건소에 알려오면서 검사가 이뤄졌다. 아들과 며느리는 면회 제한으로 지난달 25일 1시간 정도 면회한 것으로 파악됐다. 시는 곧장 장례식장 조문객과 직원, 가족 등에 외출 자제를 권고하고, 장례식장 방역 소독을 했다. 시는 태백병원 장례식장 영업을 중단하고, 공원묘원화장장을 방역 소독하기로 했다. 접촉자 5명에게는 자가격리를 통보했으며, 역학조사관을 파견해 또 다른 접촉자가 있는지 등을 조사할 방침이다. 보건당국은 A씨의 사망 원인을 조사하고 있다. ",코로나19 환자 이송 ,AKR20200306141551062,AKR20200306141551062,7,501001,0
"아우디폭스바겐코리아 ""내년 전기차 포함 20종 이상 출시""",미래 모빌리티 전략 발표…폭스바겐 ID.4 등 전기차 2종 선공개,"아우디폭스바겐코리아가 11일 폭스바겐 첫 전기차 SUV 모델인 폭스바겐 ID.4 등 전기차 모델 2종을 국내 시장에 선공개하며 한국 시장에서의 전동화 전략에 시동을 걸었다. 내년에는 4개 브랜드에서 전기차를 포함해 20종 이상의 신차와 부분변경 모델을 출시한다. 아우디폭스바겐코리아는 11일 온라인으로 디지털 기자간담회를 열고 이 같은 내용의 미래 모빌티리 전략을 발표했다. 이날 간담회에서는 폭스바겐 브랜드의 첫 순수 전기 SUV 모델인 폭스바겐 ID.4와 쿠페형 전기차 모델인 아우디 e-트론 스포트백 55가 공개됐다. 두 모델 모두 아직 국내 인증 절차를 시작하지는 않은 상태다. 폭스바겐 ID.4는 2022년, 아우디 e-트론 스포트백 55는 내년 각각 국내 시장에 출시될 예정이다. 아우디폭스바겐코리아는 이날 공개한 2종을 포함해 향후 3년간 8종의 새로운 전기차 모델을 출시해 전기차 라인업을 강화하고 전기차 매출 비중을 전체 매출의 11%까지 늘릴 계획이다. 이와 함께 급속충전기 확충, 충전 예약·대행 서비스 등도 확대할 방침이다. 내년에는 폭스바겐 부문이 신차 3종을 출시해 수입차 대중화를 이끌고, 아우디 부문이 전기차를 포함한 신차 17종을 출시할 예정이다. 벤틀리는 신형 플라잉 스퍼 V8과 벤테이가 V8 부분변경 모델을 출시하고 람보르기니도 신차 1종을 출시한다. 100건의 인증 프로젝트도 진행할 예정이다. 이와 함께 디지털화 전담조직을 신설해 빅데이터에 기반한 소프트웨어 주도형 모빌리티 서비스를 제공할 계획이다. 교육과 환경에 초점을 맞춘 사회공헌활동도 확대해 향후 2년간 50억원을 투자할 예정이다. 아우디폭스바겐코리아는 올해 국내 시장에 54개 모델을 출시했다. 11월 기준으로 3만2천190대를 판매, 올해 연말까지 연 판매량 기준으로 4만2천여대를 기록할 것으로 예상된다. 이는 전년 대비 2배 증가한 수치다. 또 고객 신뢰 회복을 최우선 과제로 삼고, 기술인증준법부 개편 등의 조직 개선과 차량 인도 전 사전검수 프로세스 정비 등을 꾀했다고 아우디폭스바겐코리아는 설명했다. 배출가스 인증조작 사건으로 2년간 판매가 중단됐던 아우디폭스바겐코리아는 2018년 4월 영업 재개를 선언하면서 고객 만족도 향상, 사회책임 강화 등 향후 5년간의 계획을 담은 미션5를 발표한 바 있다. 르네 코네베아그 그룹사장은 ""내년은 경쟁력 있는 다양한 신차와 새로운 모빌리티 서비스, 전동화 미래전략을 기반으로 성장 모멘텀을 이어가는 한편, 교육과 환경 부문에서 책임감을 갖고 한국의 지속가능한 모빌리티 변화를 만들어 나가기 위한 활동을 적극적으로 펼쳐 나갈 것""이라고 말했다. ","아우디폭스바겐코리아 ""내년 전기차 포함 20종 이상 출시"" 아우디폭스바겐코리아 르네 코네베아그 그룹사장이 디지털 기자간담회에서 발표하고 있다. 아우디폭스바겐코리아가 공개한 폭스바겐 ID.4 모델 아우디폭스바겐코리아 르네 코네베아그 그룹사장이 한국에 선공개한 전기차 신모델 폭스바겐 ID.4 모델을 소개하고 있다. ",AKR20201211070800003,AKR20201211070800003,2,405004,0
내년부터 프로야구 개막 이후라도 시즌권 환불 가능,공정위 조사 후 8개 구단 약관 개정,"내년부터 프로야구 연간 관람권을 시즌 개막 이후라도 환불받을 수 있다. 12일 공정거래위원회에 따르면 8개 프로야구단은 시즌이 일단 개막하면 연간 시즌권 구매 취소나 환불이 불가능하도록 규정한 기존 약관 조항을 최근 시정했다. 공정위가 기존 약관 조항이 고객의 해제·해지권을 배제하거나 고객의 원상회복 청구권을 부당하게 포기하도록 규정한 조항은 무효라는 약관법을 어긴 것으로 보고 조사에 들어가자, 구단들이 스스로 약관을 고친 것이다. 프로야구 연간 시즌권은 정규시즌 약 6개월 동안 각 구단이 주관하는 홈경기를 관람할 수 있는 회원권이다. 연간 시즌권의 종류는 경기 일정과 좌석 등급 등에 따라 다양하며, 가격은 최저 5만2천원부터 최고 1천734만7천원에 이른다. 지금까지 두산베어스·LG스포츠의 이용약관은 시즌권 환불 자체를 불가로 규정했고, 6개 구단의 경우 개막 이후 또는 구단이 임의로 정한 기간이 넘으면 구매 취소·환불할 수 없도록 약관에 못 박았다. 하지만 구단들이 새로 마련한 약관은 대부분 10% 정도의 일정 취소 수수료나 위약금을 빼고 취소·환불 요구 시점까지 이미 치러진 경기 수를 반영해 돈을 돌려주도록 했다. 새 약관은 내년 프로야구 연간 시즌권부터 적용될 예정이다. 공정위 관계자는 ""스포츠 관람권 계약 해지·환불 관련 피해를 예방하고 소비자 권익을 보장하기 위한 시정""이라며 ""공정위는 앞으로 스포츠 분야 선수와 사업자 등에 적용되는 불공정 약관도 시정할 것""이라고 밝혔다.2019년도 구단별 프로야구 연간시즌권 가격현황 사업자명종류-좌석등급최저가격종류-좌석등급최고가격㈜서울히어로즈개인 – 4층 지정석390개인 및 법인 로얄, 다이아몬드 클럽5,000㈜엔씨다이노스lt;개인 TYPE Bgt; 주말 내야일반석605lt;개인 TYPE A, 법인gt; 풀 시즌권 – 포크밸리바베큐석/피크닉테이블5,280㈜롯데자이언츠주중 시즌티켓 외야자유석179풀 시즌권 – 중앙 탁자석2,209㈜한화이글스원정구단권 3루 내야지정석52풀 시즌권 – VIP 커플석6,500㈜삼성라이온즈금토권/토일권 SKY자유석169풀 시즌권 VIP석2,673㈜케이티스포츠8경기 게임권 내야지정석6472경기 시즌권 포수 뒤 테이블석2,520㈜두산베어스화수목 시즌권 네이비석32072경기 시즌권 중앙VIP석4,300㈜엘지스포츠미니시즌권 1/3루 네이비75풀시즌권 테이블석3,100에스케이와이번스일반석350미니스카이박스17,347기아타이거즈K5존633중앙테이블6,772 ",관중 가득한 잠실 야구장지난 10월 22일 오후 서울 송파구 잠실야구장에서 열린 2019 프로야구 한국시리즈 1차전 키움 히어로즈와 두산 베어스의 경기. 양 팀 팬들이 경기장을 가득 메우고 있다. 프로야구 시즌권 환불 관련 약관 시정 예시 ,AKR20191212043200002,AKR20191212043200002,2,201010,0
속보 서울 74명-경기 47명-강원 23명-전남 9명-충남 8명-광주 5명 등,, 서울 74명-경기 47명-강원 23명-전남 9명-충남 8명-광주 5명 등,,AKR20201113040500530,AKR20201113040500530,3,501001,0
"오스트리아 재무장관, 부패사건 연루 의혹…""잘못된 혐의""",,"오스트리아 재무 장관이 부패 사건에 연루됐다는 의혹으로 검찰 조사를 받고 있다고 dpa 통신이 11일 보도했다. 검찰은 게임과 카지노 사업을 운영하는 기업의 한 책임자가 해외 세금 건과 관련해 정부 관계자의 도움을 받으려고 한 정당에 후원금을 제공했다는 혐의에 대해 수사 중이다. 이에 대해 게르노트 브뤼멜 장관은 검찰이 자택을 수색한 사실은 확인했지만, 소속 정당인 국민당이 게임·카지노 관련 대기업인 노보매틱으로부터 후원금을 받은 적 없다고 부인했다. 그러면서 ""이 문제를 신속히 해결하고 잘못된 혐의를 벗기 위해 모든 것을 할 것""이라고 말했다. 노보매틱의 하랄트 노이만 전 최고경영책임자 역시 이번 건과 관련해 국민당에 후원금을 약속하거나 제공 또는 시사한 바 없다고 주장했다. 그러나 야당은 제바스티안 쿠르츠 총리의 오른팔로 알려진 브뤼멜 장관의 사퇴를 촉구하고 나섰다. 얀 크라이너 사민당 의원은 ""문명국이라면 장관은 사퇴해야 한다""고 지적했다. ",게르노트 브뤼멜 오스트리아 재무장관 ,AKR20210212044400088,AKR20210212044400088,6,1101001,0
"유럽의회 의장, EU 정상들에 브렉시트 연기 승인 촉구",,"다비드 사솔리 유럽의회 의장은 23일 유럽연합 정상들에게 영국이 요청한 브렉시트 연기를 승인할 것을 촉구했다. 사솔리 의장은 이날 성명에서 ""EU 정상회의가 이번 연장을 수용하는 것이 좋다고 생각한다""면서 ""이번 연장은 영국이 입장을 명확히 하고 유럽의회가 제 역할을 할 수 있도록 만들 것""이라고 밝혔다. 도날트 투스크 EU 정상회의 상임의장도 전날 27개 EU 회원국에 브렉시트 연기를 승인할 것을 촉구할 것이라고 밝힌 바 있다. 유럽의회는 이미 지난달 노 딜 브렉시트를 피하기 위한 영국의 요청이 있고, 브렉시트 합의 승인을 위한 경우에 해당하는 등 특정 조건이 충족되면 브렉시트 연기를 지지한다는 내용의 결의안을 압도적 찬성으로 채택한 바 있다. 보리스 존슨 영국 총리가 오는 31일 예정대로 브렉시트를 단행하기 위해 추진한 법안이 전날 영국 의회에서 제동이 걸리면서 브렉시트는 또다시 연기될 가능성이 커졌다. 존슨 총리는 지난 19일 EU와의 새 브렉시트 합의안에 대한 승인 투표가 영국 의회에서 보류되자 관련 법률에 따라 브렉시트를 내년 1월 31일까지 3개월 추가 연기하도록 요청하는 서한을 EU에 보낸 바 있다. 이에 따라 EU가 영국의 브렉시트 연기 요청을 승인할지, 한다면 기간은 얼마나 될지에 관심이 쏠린다. 브렉시트 시한을 연장하려면 영국을 제외한 27개 EU 회원국 정상이 만장일치로 동의해야 한다. 현재로서는 EU가 브렉시트 연기 요청을 수용하리라는 것이 대체적인 관측이지만, 얼마나 길게 연기할지는 아직 불확실하다. 영국의 요청대로 3개월 연기하거나 단기, 장기 연기 방안 등이 거론된다. 브렉시트 시한 장기 연장에 반대해온 프랑스는 이번에도 브렉시트 추가 연기 기간을 ""단 며칠""로 한정해야 한다는 입장이다. ",다비드 사솔리 유럽의회 의장 ,AKR20191023179800098,AKR20191023179800098,6,1101001,0
장관 뜨니 동행세일 완판…오늘은 홍남기 부총리 출연,,"중소벤처기업부는 2일 오후 홍남기 경제부총리가 온라인 실시간 상품 소개 플랫폼 라이브커머스에 깜짝 출연한다고 밝혔다. 중기부는 홍 경제부총리를 비롯해 가수 소유, 먹방 유튜버 쯔양, 모델 정혁 등 출연 유명인사를 공개했다. 홍 경제부총리는 모델 송해나와 함께 국내 패션 디자이너가 만든 의류 제품을 소개한다. 홍 부총리는 특히 판매 제품 가운데 한 가지를 직접 입을 계획이다. 가수 소유와 유튜버 쯔양은 의성 마늘, 영주 나드리 쫄면, 김천 호두먹빵 등 신종 코로나바이러스 감염증 피해가 큰 대구·경북 지역의 먹거리를 50% 이상 할인해 판매한다. 한편, 이번 동행세일 기간에는 각 부처 장관들이 잇따라 출연해 완판 행진을 이어가고 있다. 문성혁 해양수산부 장관은 전날 출연해 다시마 피클 등을 완판했고, 박영선 중기부 장관 역시 지난달 26일 첫 장관 완판 기록을 세웠다. 이정옥 여성가족부 장관은 여성 의류를 소개해 평소보다 30배 이상의 매출을 올렸다. 박영선 중기부 장관은 ""주요 부처 장관이 기꺼이 동참해 좋은 실적으로 이어진 것 같다""고 말했다. ",실시간 판매방송 출연한 문성혁 장관대한민국 동행세일 기간인 1일 오후 서울 송파구 케이스포돔에서 열린 실시간 판매방송에 출연한 문성혁 해양수산부 장관이 완도산 다시마로 만든 피클을 소개하고 있다. 이 방송은 가치삽시다 TV와 중소벤처기업부 유튜브 채널에서 볼 수 있다. ,AKR20200702109200030,AKR20200702109200030,2,106002,0
"공정위, 말레이시아에 공정거래법 집행 경험 전수",,"공정거래위원회는 말레이시아 경쟁위원회에 직원 2명을 파견해 5주간 공정거래법과 경쟁정책, 법 집행 노하우 등을 전수한다고 15일 밝혔다. 공정위는 2007년부터 우리나라 기업의 진출이 활발한 국가 등 국제 협력 필요성이 큰 개발도상국의 경쟁당국에 전문관을 파견해왔다. 말레이시아 경쟁위원회는 최근 입찰 담합 분야에 적극적인 법 집행 의지를 보이고 있고, 올 하반기에는 기업결합 심사제도를 도입할 예정이다. 경쟁위원회는 공정위에 입찰 담합 적발·조사 기법과 입찰 담합 징후분석시스템, 기업결합 심사 지침 및 경제분석 기법 등에 많은 관심을 표했다. 공정위 전문관들은 강의와 토론회를 통해 관련 주제에 대한 공정거래법 실무 경험 등을 전파할 계획이다. ",공정거래위원회 ,AKR20190715043100002,AKR20190715043100002,2,201002,0
"식약처·식품업계, 유해물질 저감 공동 대처…협의체 구성",,"식품의약품안전처는 식품 제조과정에서 생길 수 있는 유해 물질을 줄이기 위해 식품업체 27곳과 함께 유해오염물질 저감화 협의체를 구성하고 28일부터 활동을 시작한다고 밝혔다. 협의체는 앞으로 식품 유해 물질을 줄이는 기술을 개발하고 제조 공정 개선이 필요한 유해 물질별로 실무협의체를 운영할 계획이다. 올해는 발암 가능성이 있는 유해 물질인 글리시딜에스터와 3-MCPD에스터, 아크릴아마이드의 저감화 방안을 논의한다. 식약처 관계자는 ""식품제조·가공·조리 공정에서 줄여야 하는 유해 물질의 발굴 및 저감화 기술 개발, 유해 물질 저감화 실행규범 운영 등을 통해 안전한 식품이 유통되도록 하겠다""고 말했다. ",식품의약품안전처 사옥,AKR20210428099000530,AKR20210428099000530,2,408002,0
"정부 공유숙박 허용 방침에 에어비앤비 ""환영""",,"숙박공유 기업 에어비앤비는 9일 정부가 도시 지역에서 내국인에 대한 숙박공유를 허용하기로 한 데 대해 환영의 입장을 밝혔다. 이상현 에어비앤비 정책총괄 대표는 이날 정부가 발표한 공유경제 활성화 방안에 대해 ""400만명에 가까운 국내 에어비앤비 이용자의 권익을 보호할 수 있는 계기가 됐다""며 ""합리적인 제도를 도입해 공유경제 관련 산업 발전을 기대한다""고 말했다. 정부는 이날 5차 경제활력 대책회의에서 서울이나 제주 등 도시 지역에서 내국인에게 집이나 방을 빌려주는 공유숙박을 허용하는 방안을 확정했다. 이에 따라 정부는 관광진흥법을 개정해 연 180일 이내의 숙박공유 영업을 허용할 방침이다. 지금은 농어촌 지역에서는 내·외국인을 상대로 한 숙박공유가 허용되지만, 도시에서는 외국인 상대로만 가능하다. 한국에 있는 에어비앤비 숙소는 1일 현재 4만5천600개로 서울에만 1만8천200개에 달한다. ",,AKR20190109148400030,AKR20190109148400030,2,201002,0
폭우 피해 눈덩이…이재민 1천610명·농경지 8천33㏊ 피해,사망 15명·실종 11명…주택 1천289동 등 시설피해 4천713건,"수도권과 중부지방을 강타한 집중호우의 피해 규모가 계속 커지고 있다. 사망·실종 등 인명피해는 26명에서 더 늘지 않고 있지만 이재민이 1천600명을 넘고 농경지 피해면적은 8천여㏊에 달했다. 피해 상황 집계가 속속 이뤄지는 가운데 강한 비가 계속 이어질 것으로 예보돼 피해 규모는 더 늘어날 것으로 예상된다. 5일 중앙재난안전대책본부 집계에 따르면 지난 1일 이후 집중호우로 인한 사망자는 15명, 실종자는 11명이다. 이재민은 계속 늘어나 975세대 1천610명으로 집계됐다. 충북이 642명으로 가장 많고 충남 465명, 경기 408명, 강원 90명, 서울 5명 순으로 나타났다. 이재민 가운데 693세대 1천159명은 여전히 친인척 집이나 체육관, 경로당, 마을회관 등에 머물고 있다. 일시대피 인원도 2천828명으로 늘었다. 이 가운데 975명이 아직 귀가하지 못하고 체육관·마을회관 등에 피신해있다. 지역별 미귀가자는 경기 268명, 강원 475명, 충북 164명, 충남 65명, 경북 3명 등이다. 재산피해도 불어나고 있다. 1일 이후 현재까지 집계된 시설 피해는 모두 4천713건이다. 사유시설이 2천336건, 공공시설은 2천377건이 각각 보고됐다. 주택 침수·매몰은 1천289건, 축사·창고는 899건, 비닐하우스는 148건의 피해가 발생했다. 농경지 피해면적은 8천33㏊로 늘어났다. 침수가 7천224㏊, 유실·매몰은 809㏊다. 공공시설 피해는 도로·교량 1천16건, 하천 363건, 산사태 313건, 가로수 159건, 상하수도 88건, 철도 44건, 저수지·배수로 등 수리시설 43건 등으로 집계됐다. 시설피해 4천713건 가운데 현재까지 56.7%에 해당하는 2천670건의 응급복구가 완료됐다. 응급복구에는 공무원과 소방·경찰관, 자원봉사자 등 인력 4만8천833명과 양수기·굴삭기·덤프트럭 등 장비 5천779대가 투입됐다. 통제상황도 이어지고 있다. 서울 잠수교를 비롯해 충북·경기 등 지역에서 도로 34곳이 여전히 막혀 있고 충북선·중앙선·태백선·영동선 등 철도 7개 노선 운행도 전체 또는 일부가 중단된 상태다. 지리산·계룡산·설악산 등 13개 국립공원 349개 탐방로와 경기·충북·경북 지역의 상습침수 지하차도 16곳, 서울·경기·강원·충북지역 둔치주차장 93곳도 출입이 제한되고 있다. 소방당국이 이번 비와 관련해 구조·대피시킨 인원은 1천254명으로 집계됐다. 소방은 또한 891곳에서 급·배수 지원을 했고 주택 안전조치 880건, 낙석 등 도로정리 672건, 간판 등 기타 안전조치 675건 등의 안전활동을 펼쳤다. ",철원 생창리…이틀 만에 또 침수 피해5일 오후 강원 철원군 김화읍 생창리 일대가 폭우로 침수돼 있다. 철원지역은 닷새 동안 최대 670㎜ 이상 폭우가 쏟아졌다. 주택 덮친 토사 5일 오전 폭우가 쏟아진 강원 고성지역에서 각종 피해가 잇따른 가운데 거진읍 행랑골에서 산사태가 나 토사가 주택으로 쏟아져 내렸다. 보트로 구조되는 수재민들5일 오후 강원 철원군 김화읍 생창리 일대가 물에 잠겨 구조대원이 주민들을 보트로 구조하고 있다. ,AKR20200805024751530,AKR20200805024751530,3,106001,0
내일날씨 오전 곳곳 눈발 날려…수도권 등 미세먼지 나쁨,,"수요일인 20일은 전국이 구름이 많은 가운데 중부지방과 전북동부내륙, 경북내륙에 오전 중 산발적으로 눈이 날릴 것으로 보인다. 이날 아침 최저기온은 -6∼4도, 낮 최고기온은 4∼11도로 예보됐다. 기상청은 ""당분간 서풍이 유입되며 기온이 평년과 비슷하거나 조금 높겠다""고 밝혔다. 이날 전국이 중국 북부지방에서 남동진하는 고기압의 가장자리에 들 것으로 보인다. 오전에 많은 구름이 끼었다가 오후부터 서서히 걷히기 시작해 오후 3시께부터는 대체로 맑아질 것으로 기상청은 내다봤다. 미세먼지 농도는 국외 유입 미세먼지의 영향으로 수도권·강원영서·충청권·광주·전북·대구·경북에서 나쁨 수준으로, 그 밖의 권역은 보통으로 예상됐다. 바다의 물결은 서해·남해·동해 앞바다에서 0.5∼1.5ｍ 높이로 일 것으로 보인다. 먼바다의 파고는 서해 0.5∼2.0ｍ, 남해·동해 1.0∼2.5ｍ로 예보됐다. 다음은 지역별 날씨 전망. lt;오전, 오후 강수 확률gt; 서울 lt;30, 10gt; 인천 lt;30, 10gt; 수원 lt;30, 10gt; 춘천 lt;30, 10gt; 강릉 lt;30, 10gt; 청주 lt;20, 10gt; 대전 lt;20, 10gt; 세종 lt;20, 10gt; 전주 lt;20, 10gt; 광주 lt;20, 10gt; 대구 lt;20, 10gt; 부산 lt;20, 10gt; 울산 lt;20, 10gt; 창원 lt;20, 10gt; 제주 lt;30, 20gt; ",봄 마중 나선 가마우지,AKR20190219009800004,AKR20190219009800004,3,505004,0
"자산 3천만달러 이상 미국 갑부, 코로나19 충격 회복했다",,"미국의 자산가들이 신종 코로나바이러스 감염증 사태가 야기한 경제적 타격에서 대부분 벗어난 것으로 나타났다. 월스트리트저널은 7일 리서치 회사 웰스X의 보고서를 인용해 자산 3천만 달러 이상 미국 부자들의 자산 총계가 8월 말 현재 코로나19 사태 발생 전인 지난해 말의 97% 수준을 회복했다고 보도했다. 코로나19가 발생한 뒤 급격하게 자산이 줄어들었지만 3월 말부터 8월까지 5개월간 자산 총계가 37%나 늘어나 감소분을 대부분 채웠다는 것이다. 자산 3천만 달러 이상 미국 갑부의 수도 10만4천40명으로 지난해 말 수준을 회복했다. 코로나19 사태 발생 직후인 3월 말 조사에서는 금융 시장의 충격 탓에 자산 3천만 달러 이상 갑부의 수가 지난해 말에 비해 23% 격감한 것으로 조사됐다. 보고서를 발행한 웰스X 측은 갑부들의 자산 증가는 대부분 주식시장의 활황세에 힘입은 것이라고 분석했다. 코로나19 사태 이후 각국 정부가 내놓은 경기부양책이 결과적으로 갑부들의 자산 회복에 도움이 됐다는 이야기다. 한편 전 세계에서 자산 3천만 달러 이상의 갑부들이 가장 많이 사는 도시는 뉴욕인 것으로 나타났다. 홍콩과 도쿄가 각각 2위와 3위 도시로 조사됐고, 로스앤젤레스와 파리, 런던이 뒤를 이었다. 10위 명단에 이름을 올린 나머지 도시는 시카고와 샌프란시스코, 워싱턴DC, 댈러스 등 모두 미국 도시였다. ",,AKR20201007196900072,AKR20201007196900072,6,1101001,0
검정고시도 모의고사 본다…대학생-학교밖 청소년 멘토링도 확대,서울교육청 학교 밖 청소년 종합지원계획 발표…검정고시 지원 강화,"검정고시를 치르는 학교 밖 청소년은 월 1회 검정고시 모의고사로 시험에 대비할 수 있게 된다. 서울시교육청은 24일 이런 내용을 중심으로 하는 서울형 학교 밖 청소년 종합지원 중장기 계획을 발표했다. 서울 학교 밖 청소년 도움센터 친구랑에 등록된 청소년은 올해 9월 현재 815명이다. 교육청은 학교 밖 청소년이 늘고 이들에 대한 지원을 강화할 필요가 있어 맞춤형 교육·정서·진로 프로그램 운영 대학생 멘토링 지원 거점형 도움센터 신규 구축 민·관·학 협력체제 마련에 나선다고 설명했다. 서울시교육청은 먼저, 교육 프로그램을 강화해 검정고시 준비를 지원한다. 여성가족부가 2018년 검정고시 접수자 3천213명을 대상으로 조사한 결과, 응답자들이 희망하는 지원책으로 검정고시 지원, 진학정보 제공을 꼽는 등 시험 준비에 도움이 필요한 청소년이 많았다. 이에 따라 월 1회 검정고시 모의고사를 실시하고, 기출문제 해설과 검정고시 온라인 학습콘텐츠도 제공한다. 서울시교육청 관계자는 ""학교에서 새 교육과정이 적용됨에 따라 검정고시를 치르는 학생들도 새 교육과정에 적응할 수 있도록 모의고사를 시행하려 한다""며 ""오프라인 시험을 검토했는데 신종 코로나바이러스 감염증 확산을 고려해 다양한 방안을 고민중""이라고 전했다. 온라인 정서 상담과 위기 학생 심리 치료 지원 프로그램, 진로 토크 콘서트, 직업체험 등의 프로그램도 진행한다. 교육·진로 멘토링을 위해 교육청은 대학생 50명가량이 참여하는 지원단을 100명 규모로 늘리고 상담도 강화한다. 학교 밖 청소년 지원을 개선하기 위해 도움센터 기능·성과를 분석하고, 마포평생학습관에 학습과 기타 활동을 종합 지원하는 학교 밖 청소년 거점형 도움센터도 새로 만들 예정이다. 이와 별도로 서울시교육청은 민·관·학 협력체제를 마련해 지역사회와 연계한 검정고시 지원 시범사업을 진행한다. 중장기 계획 시행에는 약 44억원이 소요될 것으로 보인다. 교육청 관계자는 ""학교 밖 청소년에 대한 인식을 개선하고 지원을 강화하고자 여성가족부와 협의할 것""이라며 ""앞으로 민·관·학 기관들과의 업무협약을 추진하고 학교 밖 학생 지원 협의체도 꾸리겠다""고 전했다. ",진학 상담하는 학교 밖 청소년 ,AKR20201124071800530,AKR20201124071800530,3,503001,0
간호조무사에 의료행위 지시한 한의사 항소심서 무죄,"""단순 진료 보조 행위는 의료행위 해당 안 된다""","대구지법 형사항소4부는 간호조무사에게 의료행위를 지시한 혐의로 기소된 한의사 A씨에 대한 항소심에서 벌금 100만원을 선고한 원심을 깨고 무죄를 선고했다고 28일 밝혔다. 경북에서 한의원을 운영하는 A씨는 지난해 2월 찾아온 환자에게 온열·광선·전기치료를 하도록 간호조무사에게 지시한 혐의로 벌금 100만원에 약식기소되자 정식 재판을 청구했다. 그는 1심에서 벌금 100만원을 선고받고 항소했다. 그는 재판에서 ""간호조무사에게 의료기기 가동을 준비하도록 지시했고, 해당 간호조무사는 감독 아래 진료 보조 업무를 한 것에 불과하다""며 1심 판결은 법리를 오해한 것이라고 주장했다. 재판부는 ""단순히 치료용 침대 위에 핫팩을 올려두거나 물리치료기를 환자의 환부에 부착하는 등의 진료 보조 행위가 고도의 기술이나 지식이 있어야 하거나 위험 발생 가능성이 높은 의료행위에 해당한다고 보기 어렵다""고 밝혔다. ",대구지법,AKR20190828097500053,AKR20190828097500053,7,507001,0
"""낙농가 노동환경 개선"" 경남도, 낙농헬퍼 지원사업에 10억 투입",,"경남도는 올해 낙농헬퍼 지원사업에 10억8천만원을 투입한다고 28일 밝혔다. 낙농가에 대체 인력으로 투입되는 도우미를 일컫는 낙농헬퍼는 착유, 분만·치료 보조, 우사 청소 등 업무를 맡는다. 도는 올해 창원 등 15개 시·군 젖소 농가를 대상으로 낙농헬퍼 지원사업을 펼친다. 사업비는 도와 시·군이 절반을, 나머지는 낙농가가 부담한다. 낙농헬퍼는 총 36명으로 시·군별로 2∼4명이 활동할 예정이다. 낙농가는 명절 등 길흉사뿐 아니라 여가로 인한 노동력 공백기간에도 낙농헬퍼 지원을 받을 수 있다. 지원을 받으려면 시·군 낙우회를 통해 신청하면 된다. 도는 낙농헬퍼 도입으로 낙동가들의 노동환경을 개선해줄 수 있을 것으로 기대하고 있다. 낙농가들은 젖소 특성상 하루 2회 이상 착유가 불가피해 일 년 내내 제대로 쉬지 못하는 등 격무에 시달려왔다고 도는 설명했다. 양진윤 도 축산과장은 ""도내 낙농가의 열악한 노동환경을 개선하고 안정적 낙농업 경영에 도움을 주려고 2007년부터 낙농헬퍼를 지원해오고 있다""며 ""낙농헬퍼를 통해 삶의 질 향상뿐 아니라 여가활동 폭을 넓힐 기회가 되기를 바란다""고 말했다. ",젖소,AKR20190128071000052,AKR20190128071000052,7,107001,0
강원도 문화뉴딜 사업에 국비 74억원 확보…일자리 666개 창출,,"강원도가 도내 예술인의 일자리 창출을 위한 공공미술 프로젝트인 이른바 문화뉴딜 사업을 추진한다. 강원도는 신종 코로나바이러스 감염증으로 어려움을 겪는 도내 예술계 지원을 위한 공공미술 프로젝트 사업에 74억원의 국비를 확보했다고 14일 밝혔다. 공공미술 프로젝트는 유동인구가 많은 공공장소나 사회 취약계층 지원시설, 낙후된 지역 등에 조각, 회화, 미디어 아트 등 예술작품을 설치하고 문화전시 공간 등을 조성하는 사업이다. 예술인 일자리 제공 및 지역 주민 문화 향유 증진을 목적으로 추진되는 이 사업은 도가 주관하고, 재단법인 강원문화재단과 18개 시·군이 사업을 수행한다. 도는 이번 국비 확보로 도내 문화예술계 일자리 666개를 창출해 코로나19 극복에 기여할 것으로 보고 있다. 도 관계자는 ""이번 프로젝트를 통해 일자리 창출과 함께 지역의 새로운 볼거리를 제공하는 사업으로 성공할 수 있도록 최선을 다하겠다""고 말했다. ",평창의 빛과 소리…서울로 7017서 공공미술전 열려공공미술 프로젝트,AKR20200714060900062,AKR20200714060900062,7,107001,0
순천시의회 위원장이 의장에게 전화기 던져 물의,"나안수 위원장 ""개인적인 감정 때문에 욱했다"" 사과","전남 순천시의회의 한 상임위원장이 회의 도중 의장에게 전화기를 던져 물의를 빚고 있다. 4일 순천시의회에 따르면 이날 오전 의장실에서 열린 의장단 회의에서 나안수 행정자치위원장이 옆에 앉아 있던 서정진 의장에게 전화기를 던졌다. 서 의장은 올해 첫 의장단 회의를 주재하며 의회 전문위원 인사와 현안에 관해 설명하고 있었다. 나 위원장은 돌연 일어나 욕설을 한 뒤 탁자위에 있던 전화기를 서 의장에게 던졌으며 서 의장은 오른쪽 어깨 부분을 맞았다. 서 의장은 ""새해를 맞아 처음으로 상임위원장들을 모시고 회의를 하면서 전문위원 인사를 사전에 알려드리지 못해 죄송하다는 말을 한 순간 갑자기 나 위원장이 일어나 욕을 한 뒤 폭행을 했다""며 ""추측하건대 행자위 전문위원이 마음에 들지 않아 그런 것 같다""고 말했다. 그는 이어 ""같은 민주당 소속이고 행자위원장도 제가 추천할 정도로 아무런 문제가 없었는데 이런 행동을 하다니 도저히 이해가 안 된다""며 ""법적인 검토는 안 하고 있지만, 너무 부끄럽다""고 말했다. 나 위원장은 ""인사 등 공적인 문제가 아니라 개인적인 감정이 쌓인 상태에서 갑자기 욱한 기분이 들어 돌발 행동을 한 것 같다""며 ""죄송스럽게 생각하고 사과하도록 하겠다""고 말했다. ",순천시의회,AKR20190104125600054,AKR20190104125600054,1,107002,0
"코오롱글로벌, 힐스엔지니어링과 방역로봇 사업 맞손",,"코오롱글로벌과 모듈러 건축 자회사인 코오롱이앤씨는 자율주행 기반 물류 로봇전문기업 힐스엔지니어링과 방역 로봇을 활용한 포괄적 업무협약을 체결했다고 31일 밝혔다. 방역 로봇은 자율주행 로봇을 기반으로 건축물의 내·외부를 방역 처리하는 로봇과 그 운영·관리시스템을 통칭한다. 협약 당사자들은 각 사가 보유한 사업 역량을 바탕으로 방역 로봇의 새로운 사업 기회를 모색하고, 건설·건축 분야에 적용을 확대해 가기로 협의했다. ",방역 로봇 ,AKR20210331175000003,AKR20210331175000003,2,901014,0
"北, 연말시한 앞두고 잇단 무력시위…고조되는 대미압박",초대형 방사포 연사능력 과시…저강도 수위로 南에도 경고장무력시위 수준 높이며 새로운 길 경고 이어갈 듯,"북한이 연말 시한을 한 달 앞두고 군사 행보를 이어가면서 한반도 위기 지수를 지속해서 끌어올려 주목된다. 한미 당국이 북미 비핵화 대화 분위기 조성을 위해 한미연합공중연습을 전격적으로 연기한 이후에도 이를 평가절하면서 군사행동과 말로 미국을 몰아붙이는 모습이다. 높은 수준은 아니지만, 저강도 무력시위를 멈추지 않음으로써 미국의 태도 변화를 압박하면서 남측에 대한 위협과 경고도 높이고 있다. 합동참모본부는 28일 ""북한은 오늘 오후 4시59분 함경남도 연포 일대에서 동해상으로 미상 발사체 2발을 발사했다""며 초대형방사포로 추정된다고 밝혔다. 북한이 올해 들어 구경 600㎜급으로 추정되는 초대형 방사포를 발사한 것은 지난 8월 24일과 9월 10일에 이어 지난달 31일 그리고 이번까지 모두 네차례다. 눈길을 끄는 것은 발사 간격이 1차 17분, 2차 19분이던 발사 간격이 3차에서 3분, 이번 4차에서는 30여초로 크게 줄었다는 점이다. 이에 따라 일단 이날 발사가 자체 개발한 주체병기로 선전해온 초대형방사포의 연사 능력을 갖추는데 일차적인 목적이 있는 것으로 보인다. 특히 미국을 겨냥해 일방적으로 내세운 연말 시한을 앞두고 한반도의 군사적 위기를 불러올 수 있는 위력한 초대형방사포의 잇따른 시험 발사로 그 성능의 완성을 과시함으로써 대미 압박의 고삐를 늦추지 않으려는 의도로 풀이된다. 북한 입장을 대외적으로 대변하는 재일본조선인총연합회 기관지 조선신보도 지난 13일 연말 시한을 강조하면서 앞서 세 차례 시험발사한 새 초대형방사포가 주한미군을 사정권 안에 두고 있다고 공공연하게 위협했다. 북한은 스티븐 비건 미 국무부 부장관이 20일 상원 외교위의 인준 청문회에서 북한의 연말 시한 주장을 인위적 시한이라고 선을 긋고 북한을 향해 외교적 해결을 위한 창이 여전히 열려 있다고 대화의 기회를 밝힌 것에 대해 아직 별다른 반응을 보이지 않고 있다. 이런 상황에서 북한은 그동안 핵심 외교 당국자들을 통해 대미 압박의 릴레이 목소리를 높이던 것과 달리 침묵한 채 무력시위로 화답한 셈이다. 특히 앞서 김정은 국무위원장은 연평도 포격 도발 9주기가 되는 지난 23일 남북 접경지역인 창린도 방어부대를 찾아 해안포 사격을 직접 지시했다. 창린도에서의 해안포 발사 지시는 남북한 접경지역 일대에서 군사적 긴장을 고조시킬 우려가 있는 모든 군사적 행위를 중단하도록 한 지난해 남북 군사 당국 간 9·19 군사합의를 위반했다는 평가다. 올해 연말을 넘기면 한반도의 위기는 물론 남북한 군사합의마저 무용지물이 될 수 있다는 경고를 암시한 것이라는 분석이 나온다. 그 외에도 북한은 이달 들어 김정은 위원장이 지켜보는 가운데 지난 15일 인민군 항공 및 반항공군 비행지휘성원들의 전투비행술경기대회－2019을 진행했고, 이어 17일에는 항공 및 반항공군 저격병들의 낙하산 훈련을 직접 지도했다. 북한이 다양한 군사훈련을 벌이는 한편으로 미국을 향해 연말시한을 내세우면서 대북적대정책의 철회를 요구하고 있는 것도 같은 맥락에서 이해할 수 있다. 북한의 핵심 외교 당국자들은 연말을 앞두고 선 적대정책 철회, 후 대화재개를 주장하며 미국에 새로운 계산법을 갖고 나오라고 번갈아 외쳤다. 대미 협상의 베테랑인 김계관 외무성 고문은 지난 18일 ""미국이 진정으로 우리와의 대화의 끈을 놓고 싶지 않다면 우리를 적으로 보는 적대시 정책부터 철회할 결단을 내려야 한다""고 말했다. 김영철 조선아시아태평양평화위원장은 다음날 미국의 한미 연합공중훈련 연기 결정을 생색내기로 치부하며 적대정책 철회 전까지 비핵화 협상은 ""꿈도 꾸지 말라""고 주장했다. 김명길 북한 외무성 순회대사도 같은 날 북미 실무협상의 12월 재개 가능성 보도와 관련해 ""미국이 대조선 적대시 정책을 철회할 결단을 내리지 않는 한 조미대화는 언제 가도 열리기 힘들게 되어있다""고 밝혔다. 북한은 이런 말과 행동을 통해 새로운 길을 선택할 경우 한반도에 더 가혹한 상황이 벌어질 것을 암시하면서 미국과 남한을 압박하는 것이라는 분석이 나온다. 이에 따라 북한은 김정은 위원장이 하노이 노딜 이후 지난 4월 최고인민회의 시정연설을 통해 밝힌 연말 시한을 한달여 남기고 대미 압박용 무력시위의 수위를 높여가면서 연말까지 총공격전을 펼 것이라는 전망이 나온다. "," 북한 연포일대서 단거리 발사체 발사북한이 28일 함경남도 연포 일대에서 초대형 방사포로 추정되는 단거리 발사체 2발을 발사했다. 합동참모본부는 ""우리 군은 오늘 오후 4시59분경 북한이 함경남도 연포 일대에서 동해상으로 발사한 초대형 방사포로 추정되는 단거리 발사체 2발을 포착했다""고 밝혔다. 페이스북 트위터 북 ""초대형 방사포 시험사격 성과적으로 진행"" 북한이 지난달 31일 초대형 방사포 시험사격을 성공적으로 진행했다고 조선중앙통신이 1일 보도했다. 중앙통신이 홈페이지에 공개한 시험사격 사진. ",AKR20191128177300504,AKR20191128177300504,1,109013,0
예방조처 했지만…미 크루즈서 백신 미접종 어린이 2명 확진,승객 92%는 백신 맞아…나머지 미접종 어린이 승객 중 발생,"코로나19 사태 15개월 만에 미국 내 대형 크루즈 운행이 재개됐지만, 각종 예방 조치에도 확진자가 발생하고 있다. 27일 마이애미헤럴드에 따르면 크루즈선사 로열캐러비언 그룹은 바다의 모험 호에서 지난 24일 16세 이하 어린이 승객 2명이 코로나19 확진자로 판명됐다고 발표했다. 이 배는 7박 8일 일정으로 플로리다주 프리포트 항에서 바하마를 경유해 미국으로 복귀 중이었다. 확진 청소년 2명은 즉시 격리 조처됐다. 이들은 25일 선사 측이 마련한 자가용 비행기로 바하마에서 출발해 플로리다로 돌아왔다. 1명은 가벼운 코로나19 증상을 보이고 있으며, 다른 1명은 무증상이었다. 또 이들과 밀접 접촉한 5명을 대상으로 코로나19 검사를 시행했으나 모두 음성으로 나타났다고 선사 측은 밝혔다. 이 선박은 수용 가능 인원의 3분의 1인 1천여 명의 승객과 1천여 명의 승무원을 태우고 있었다. 선사 측은 승객의 92%가 백신 접종을 마쳤으며, 16세 이하인 8%의 승객만이 백신을 접종하지 않았다고 밝혔다. 이번 사건은 백신 접종에도 크루즈 선박 내 코로나19 환자 탑승을 탐지하기가 쉽지 않다는 사실을 보여준다고 마이애미헤럴드는 평가했다. 지난 11일에는 시험 운항 중이던 셀레브리티 크루즈사의 선박 셀레브리티 밀레니엄 호에서 성인 승객 2명이 코로나19 확진 판정을 받았다. 선사 측은 탑승 전 모든 승객과 승무원의 백신 접종 여부를 확인했지만, 확진자 발생을 막을 수 없었다. 그러나 같은 회사에서 운영하는 선박 셀레브리티 에지 호는 26일 예정대로 플로리다주 포트로더데일의 에버글레이즈 항을 출항했다. 이 배는 지난해 3월 코로나19 대유행으로 크루즈 여행이 중단된 이래 최초로 유료 승객을 태운 대형 선사 소속 크루즈다. 크루즈 선사 측은 올해 초부터 직원 및 자원자를 대상으로 시험 운항을 하며 정식 운항을 준비해왔다. ",크루즈선 바다의 모험호 모습 운행 재개한 미국 크루즈26일 플로리다주 포트로더데일에서 크루즈 승객들이 셀러브리티 에지 호에 타고 있다. 이 배는 지난해 3월 코로나19 대유행으로 크루즈 여행이 중단된 이래 최초로 유료 승객을 태운 대형 선사 소속 크루즈이다. ,AKR20210628081600009,AKR20210628081600009,6,411002,0
6명 부상 인천 화학물질공장 화재 피해액 3억 추정,,"소방관을 포함해 6명이 다친 인천 화학물질 제조공장 화재로 모두 3억원의 재산피해가 발생한 것으로 집계됐다. 13일 인천소방본부에 따르면 전날 서구 석남동 화학물질 제조공장 화재로 발생한 재산 피해액은 약 3억원으로 추정됐다. 당일 불은 연면적 2천738㎡ 규모의 4층짜리 화학물질 제조공장 2층 일부와 3∼4층 전부를 태웠다. 또 이 화재로 공장 안에 있던 A씨 등 근로자 5명과 진화 작업에 투입된 B 소방장이 다쳤다. 부상자 6명 가운데 2명은 화상을 입어 중상자로 분류됐다. 소방당국 관계자는 ""공장 관계자 진술 등을 토대로 재산 피해액을 추정했다""며 ""정확한 조사 후에 피해 금액이 달라질 가능성도 있다""고 설명했다. 소방당국은 전날 불이 나자 관할 소방서 인력 전체가 출동하는 경보령인 대응 1단계를 발령하고 3시간 15분 만에 완전히 진화했다. 소방당국은 펌프차 등 장비 60여대와 소방관 등 240여명을 화재 현장에 투입했다. 공장 내부에 화학물질이 쌓여 있던 탓에 화재 직후 15㎞ 이상 떨어진 인천 송도국제도시에서도 보일 정도로 검은 연기가 하늘 높이 치솟았다. 불이 난 공장은 한 염료 전문 회사의 자회사인 촬영 장비 제조업체 소유로 TV나 컴퓨터 모니터에 들어가는 액체 형태의 화학물질인 감광 재료를 생산하는 곳이다. 소방당국은 공장 3층 내 합성 반응실에서 작업자 2명이 화학물질인 디옥솔란을 반응기에 주입하던 중 불꽃과 함께 화재가 발생한 것으로 보고 정확한 경위를 조사할 계획이다. 디옥솔란은 상온에서 액체 형태로 존재하며 불이 붙을 위험이 큰 인화성 화학물질이다. 소방당국 관계자는 ""화재 후 옥내 소화전과 자동 화재 탐지 설비 등 소방시설은 정상적으로 작동한 것으로 파악됐다""며 ""오늘 국립과학수사연구원과 함께 합동 감식을 벌여 정확한 화재 원인을 파악할 방침""이라고 말했다. ",연기 가득 찬 인천 화학물질공장 화재 현장,AKR20191213044100065,AKR20191213044100065,7,501001,0
"권익위, 대한체육회에 ""보조금 운영 투명화 방안 마련해야""",예산집행 점검 의무 명문화·비리 고발 기준 마련 권고,"국민권익위원회는 체육협회 임직원의 보조금 횡령 등을 차단하기 위해 체육종목단체 운영관리의 투명성 제고 방안을 마련할 것을 대한체육회에 권고했다고 8일 밝혔다. 권익위가 지난해 실태조사를 진행한 결과, 일부 체육단체 임직원들이 업무추진비를 변칙 수령하거나 자의적으로 회계 처리하는 등 각종 부정행위가 있었던 것으로 확인됐다. 또한 허위 훈련 계획서를 만들어 선수훈련 보조금을 횡령한 경우도 발견됐다. 일례로 A협회 사무국장은 부당하게 법인카드를 발급받아 22개월 동안 한도 금액에서 1천200만원을 초과해 지출하는가 하면 65건의 사적경비를 집행했다. B연맹 소속 한 임원은 지역교육청으로부터 전국소년체육대회 훈련을 위탁받아 지급받은 훈련비 8억8천만원 가운데 1억9천만원만 훈련비로 사용하고 나머지 금액을 횡령하기도 했다. 그러나 이런 비위 행위가 적발돼도 자체종결 처리하거나 경미한 징계에 그치는 등 온정적인 처리가 관행화된 것으로 나타났다. 이에 따라 권익위는 대한체육회 가입 체육단체의 회계감사 직무로 위법·부당한 예산집행에 대한 점검 의무 규정을 명문화하도록 대한체육회에 권고했다. 또한 주요 비리 행위에 대해선 반드시 고발 조치하고, 의무고발 대상, 고발 주체, 고발 기준 등을 구체화하도록 했다. 권익위는 이와 함께 징계 수위가 관대하다고 판단될 경우 대한체육회가 체육단체에 재심의를 요구하도록 했다. 아울러 징계업무를 처리하는 해당 단체의 스포츠공정위원회 위원은 추천위원회의 추천과 이사회의 승인을 받도록 하고 이해충돌 사유가 있는 위원은 해당 심의에서 배제하도록 했다. 권익위 안준호 권익개선정책국장은 ""이번 제도 개선으로 체육단체의 보조금 횡령 등 잘못된 관행이 개선될 것으로 기대한다""며 ""보조금이 투명하게 사용될 수 있도록 부패 유발 요인을 면밀히 분석해 지속해서 제도를 개선하겠다""고 말했다. ",국민권익위원회 로고  ,AKR20190108038700001,AKR20190108038700001,1,106001,0
강원경찰 추석 연휴 특별 교통관리…음주·과속 단속 강화,,"강원지방경찰청은 추석 연휴 강원도를 찾는 귀성·관광객들의 원활한 소통과 안전 확보를 위해 25일부터 열흘간 특별 교통관리에 나선다. 특히 관광객 증가로 예년과 같은 교통혼잡이 예상되는 만큼 경찰력을 최대한 동원해 단계별 교통관리를 추진한다. 우선 25∼28일 교통이 혼잡한 대형상점과 재래시장 주변 교차로를 중심으로 교통관리를 한다. 남은 엿새간 공원묘지 등 성묘객 교통관리와 함께 고속도로와 주요 국도 등 지·정체 예상 구간, 동해안 관광지 주변 도로에 경찰력을 배치해 원활한 소통과 안전확보에 주력한다. 고속도로에서는 암행순찰차와 이동식 과속단속 장비를 활용해 음주운전이나 과속·난폭운전 등 주요 사고요인 행위 단속도 강화한다. 강원경찰 관계자는 ""장거리 운행에 따른 피로 해소를 위해 휴게소나 졸음쉼터에서 충분한 휴식을 취하고, 명절 분위기에 편승한 음주운전은 절대로 하지 말아야 한다""고 당부했다. ",암행순찰에 나선 경찰,AKR20200924181800062,AKR20200924181800062,7,501001,0
"심재철 ""文대통령 망상적 대북인식, 한심하기 짝이 없다""","신년사 조목조목 비판…""뜬구름 잡는 평화타령에 정책참사·통계분식""","자유한국당 심재철 원내대표는 7일 문재인 대통령의 신년사를 ""망상적 대북인식"", ""뜬구름 잡는 평화타령"", ""통계분식"" 등의 표현으로 혹평했다. 심 원내대표는 이날 국회에서 기자회견을 열어 문 대통령의 2032년 올림픽 남북 공동개최 구상 등을 거론하며 ""희망 코스프레만 나열했다""며 ""우리 정부가 노력하면 남북관계 개선될 것이라는 비현실적·망상적 대북인식만 보여줬다""고 비판했다. 그는 ""금강산 관광 재개, 남북철도 등 모두 뜬구름 잡는 이야기""라며 ""북한의 선의에만 기댄 채 평화타령을 하고 있으니 한심하기 짝이 없다""고 말했다. 이어 ""북핵 위협에 맞서려면 미국의 핵우산 전략을 한층 강화해야 한다""며 ""그래서 한미 핵 공유를 포함해 한미 동맹으로 북핵 억제 능력을 향상하는 게 우리의 급선무""라고 대안을 제시했다. 심 원내대표는 ""현재와 같은 반시장적 경제정책을 계속 고집하다가는 우리 경제의 지속가능한 성장 기반마저 잠식된다""며 ""문 대통령은 제발 경제가 좋아지고 있다는 환상에서 깨어나길 바란다""고 촉구했다. 그는 ""소득주도성장이야말로 문재인 경제정책의 대표 참사""라며 ""지금이라도 정책을 전환해야만 한다""고 주장했다. 일자리 정책에 대해서도 ""일자리 예산으로 2017∼2019년 82조원을 퍼부었다. 공공 일자리가 늘었다는 통계분식을 하는 것""이라며 ""재정투입이 중단되면 즉각 사라질 일자리""라고 깎아내렸다. 또 ""자영업자·소상공인을 위해서도 7조원 늘어난 90조원의 예산을 선 집행하겠다고 했는데, 총선을 앞두고 선심성 돈 풀기를 하겠다는 얘기""라고 비난했다. 심 원내대표는 ""문재인 케어로 의료비가 경감됐다는데, 의료쇼핑과 대형병원 쏠림현상이 증가했고, 건강보험료는 지속해서 인상되고 있다""며 ""이런 실체를 얘기하지 않고 의료비 부담이 줄었다고 하는 건 외눈박이 홍보""라고 했다. 그는 ""사실에 근거하지 않은 통계 왜곡, 보고 싶은 것만 보는 잘못된 인식이 문 대통령의 가장 커다란 문제""라고 총평했다. ",발언하는 심재철자유한국당 심재철 원내대표가 7일 국회에서 열린 원내대책회의에서 발언하고 있다. 발언하는 심재철자유한국당 심재철 원내대표가 7일 국회에서 열린 원내대책회의에서 발언하고 있다. ,AKR20200107163000001,AKR20200107163000001,1,101001,0
1보 코로나19 어제 470명 신규확진…이틀 연속 400명대,, 코로나19 어제 470명 신규확진…이틀 연속 400명대 ,다시 봄…해 넘긴 코로나 시대,AKR20210310033900530,AKR20210310033900530,3,501001,0
"""김원봉에 서훈해야"" 靑국민청원…사흘간 6천300명 동의",,"항일 무장독립투쟁가로 해방 이후 남쪽에 들어왔다가 월북해 북한에서 고위직을 지내다 숙청된 약산 김원봉에게 서훈을 해야 한다는 글이 청와대 국민청원 게시판에 게시됐다. 국민청원 게시판에는 지난 7일 약산 김원봉에게 독립유공자 서훈을 수여해 주십시오라는 제목의 글이 올라왔다. 이 글은 ""약산 김원봉은 항일무장투쟁의 상징이었다. 일제가 가장 두려워했던 독립투사 중 한 명""이라며 ""월북한 사실이 논란이 되고 있지만, 그가 김일성을 좋아해서 그런 것이 아니었음은 잘 알려져 있다""고 주장했다. 또 ""김원봉이 이끈 의열단의 활약과 조선의용대의 무장투쟁은 광복군의 한 축이 됐고, 오늘날 국군의 동력으로 이어졌다""며 ""반드시 서훈이 제대로 이뤄지고 역사가 재평가돼야 불행했던 과거가 되풀이되지 않는다""고 강조했다. 9일 오후 1시 현재 이 글에는 6천280여 명이 청원동의를 눌렀다. 그동안 국민청원 게시판에는 김원봉 서훈 등을 촉구하는 글이 다수 올라왔었지만, 수천 건 이상의 청원동의를 얻어낸 건 이번이 처음인 것으로 보인다. 다음 달 7일까지 20만 명이 이상이 동의 표시를 하게 되면 청와대의 공식답변을 받을 수 있다. ",박차정 열사와 약산 김원봉 동지이자 부부인 독립운동가 박차정 열사와 약산 김원봉. ,AKR20190609029000504,AKR20190609029000504,1,101001,0
광주 일부 특성화고 신입생 모집 애로…정원 미달 속출,11개교 중 3개교 정원 못 채워…공업고 일부 학과 기피학령인구 감소·교육 당국 홍보 부진 탓,"광주지역 일부 특성화고가 신입생 모집에 어려움을 겪고 있다. 일부 고교는 정원의 절반만 신입생을 충원한 데 그쳤고, 공업고 일부 학과는 기피 현상까지 나타나고 있다. 26일 광주시교육청에 따르면 시 교육청은 광주지역 전체 특성화고 11개교에 대한 이달 25일까지 정시모집과 1, 2차 추가 모집한 결과, 총 정원 2천300명 중 2천160명을 채웠다. 11개교 중 3개교는 정원을 채우지 못하고 있다. 특히 현재 A 고는 정원 132명 중 절반도 못 미치는 56명만 충원한 상태여서 비상이다. 앞서 지난해 12월, 정시모집 결과에서는 총 2천300명 정원 중 2천29명을 채웠다. 11개교 중 절반 이상인 6개교가 정원을 채우지 못했었다. 일부 공업고의 기계과, 토목과, 건설과 등도 정원을 채우는 데 큰 어려움을 겪고 있다. 상업고의 전통 상과 계열과도 학생들이 상대적으로 선호하지 않고 있다. 반면 공업고의 전기과·전자과, 상업고의 피부미용과·제과제빵과·요리과 등은 학생들이 선호하고 있다. 이처럼 특성화고가 전반적으로 신입생 모집에 어려움을 겪는 데는 학령인구 감소가 근본적인 원인으로 꼽힌다. 시 교육청 관계자는 ""신입생 모집 애로 이유 중 학령인구 감소가 상수로 등장한다""며 ""특성화고가 작년에도 신입생 모집에 애로를 겪었는데 올해는 더욱 심하다""고 말했다. 또 신종 코로나바이러스 감염증 확산으로 시 교육청과 특성화고 측이 특성화 지망 의사가 있었던 중학교 3학년을 대상으로 홍보를 소홀히 한 것이 신입생 모집에 어려움을 겪게 한 요인이란 지적도 나온다. 시 교육청 관계자는 ""지난해 코로나 때문에 중학교를 대상으로 특성화고 체험활동을 못 한 부분이 특성화고 정원 미달의 원인 중 하나로 파악하고 있다""며 ""다음 달까지 추가 모집을 하면 한두 개 학교를 제외하고 정원을 다 채울 것 같다""고 밝혔다. 이 관계자는 ""특성화고 취업이 안 돼서 정원이 미달하는 것은 아니다""라면서 ""올해는 사회관계망서비스 등 비대면을 통해 특성화고를 홍보하겠다""고 말했다. ",특성화고 온라인 교육특성화고 채용 공고,AKR20210126053900054,AKR20210126053900054,7,501001,0
덕수궁 돌담길에서 이번 토요일 올해 첫 서울거리공연,,"서울시는 20일 낮 12시 덕수궁 돌담길에서 2019 서울거리공연의 시작을 알리는 릴레이 콘서트를 연다고 18일 밝혔다. 야외 공개 오디션을 통해 선발된 16개 팀이 오후 6시까지 가요, 인디 음악, 마임, 탭댄스 등 다양한 장르의 공연을 펼친다. 올해 서울거리공연은 11월까지 시내 곳곳에서 2천600차례 진행된다. 자세한 내용은 서울거리공연 홈페이지에서 확인할 수 있다. ",,AKR20190418070800004,AKR20190418070800004,3,107001,0
"광주 지역사회 감염 확진자 1명, 인도 변이 바이러스 확인",,"광주에서도 신종 코로나바이러스 감염증 인도 변이 바이러스가 확인됐다. 23일 광주시에 따르면 이날 오후 2시 기준 광주에서는 지금까지 국내 감염 18명, 해외 감염 6명 등 모두 24명에게서 변이 바이러스가 검출됐다. 이 중 국내 감염자 1명에게서 인도 변이가 확인됐다. 나머지 23명은 모두 영국 변이다. 인도 변이 감염자는 지난달 14일 확진 판정을 받은 인천 남동구 가족 관련 확진자다. 변이 의심 사례로 분류돼 추가 검사에서 지난 15일 인도 변이 감염자로 분류됐다. 이날 기준 전국 변이 바이러스 발생 현황은 영국 변이 1천886명, 남아공 변이 142명, 브라질 변이 7명, 인도 변이 190명이다. 박향 시 복지건강국장은 ""전 세계적으로 변이 바이러스가 빠르게 확산하고 있다""며 ""외국에 비해 낮은 수치이지만 국내에서도 관련 사례들이 확인되고 있어 주의가 필요하다""고 당부했다. ",코로나19 바이러스 변이  ,AKR20210623105400054,AKR20210623105400054,7,507007,0
시진핑 후계자 등장하나…中공산당 내주 4중전회,4중 전회서 통치 체계·통치 능력 현대화 집중 논의 예정미중 갈등·홍콩 사태에 中지도부 책임론도 대두될 듯,"미·중 무역 갈등과 홍콩 시위 사태가 장기화하는 가운데 중국 공산당의 중요 정책을 결정하는 제19기 공산당 중앙위원회 제4차 전체회의가 내주 막을 올린다. 이번 회의에서는 시진핑 지도부의 집권 2기를 맞아 향후를 대비한 후계자들이 소개될 수 있다는 설과 함께 캐리 람 홍콩 특구 행정장관 등 홍콩 사태에 따른 문책이 이어질 수 있다는 전망도 나오고 있다. 24일 신화통신에 따르면 중국 공산당 정치국은 이날 회의를 열어 오는 28일부터 31일까지 베이징에서 4중전회를 열기로 결정했다. 중국 공산당 총서기인 시진핑 국가주석이 주재한 이날 정치국 회의에서는 4중전회에서 논의할 문건에 관해 논의했다. 회의에서는 중국 특색사회주의 제도의 견지와 완비, 국가 통치 체계와 통치 능력의 현대화 등을 4중전회에서 논의할 중요한 의제로 포함했다고 신화통신은 전했다. 특히 이날 회의에서는 국가 통치 체계와 통치 능력의 현대화를 추진하는 것이 중국 공산당 전체의 중대한 전략적 임무라고 밝혀 중국 지도부 체계에 변화가 있을 것임을 시사했다. 이날 정치국 회의에서 이번 4중전회에 국가 통치 체계를 논의하겠다는 점을 공식화함에 따라 시진핑 주석의 후계 구도가 수면 위로 떠오를 가능성이 커졌다. 4중전회는 5년마다 열리는 당 대회 중간에 열리며, 중대한 인사 변동이 이뤄진 전례가 있기 때문이다. 2000년 제15기 4중전회 때는 후진타오 전 국가 주석이 중앙군사위원회 부주석에 임명됐고, 2004년 제16기 4중전회 때는 후진타오가 마침내 장쩌민 전 주석으로부터 중앙군사위 주석 자리를 물려받았다. 홍콩 명보도 이번 4중전회에서 시 주석의 후계자가 등장할 가능성이 있다고 보도했다. 이번 4중전회에서 중국 공산당 최고 지도부인 정치국 상무위원을 7명에서 9명으로 늘리고, 시 주석 후계자가 될 수 있는 인물 2명을 신임 상무위원으로 앉힐 수 있다는 분석도 내놨다. 신임 상무위원으로는 천민얼 충칭시 당 서기와 후춘화 부총리가 거론된다. 두 사람은 2017년 10월 19차 당 대회 때도 상무위원 진입 가능성이 점쳐졌던 차세대 지도자 후보들이다. 이와 더불어 미·중 무역 갈등과 홍콩 사태 장기화에 따른 문책론이 대두될 것으로 보인다. 이에 따라 홍콩·마카오를 사실상 총괄하는 한정 정치국 상무위원과 캐리 람 장관 등이 도마 위에 오르고 있다. 이와 관련해 파이낸셜타임스는 캐리 람 장관이 이번 사태를 책임지고 물러날 것으로 전망했다. 중국 중앙정부는 10월 1일 신중국 건국 70주년을 맞아 사상 최대 열병식 등으로 중국의 초강대국 부상을 과시하려고 했지만, 같은 날 홍콩에 대규모 시위가 발생해 캐리 람 장관은 중국 지도부에 미운털이 박힌 상황이다. 한 소식통은 ""홍콩 사태와 관련해 중국 최고 지도부가 책임을 지는 건 매우 부담스럽기 때문에 캐리 람을 문책해 교체하는 선에서 마무리할 가능성이 크다""고 전했다. ",시진핑 중국 국가 주석기자회견 하는 홍콩 행정장관 캐리 람 홍콩 행정장관이 8일 홍콩에서 기자회견을 하고 있다. ,AKR20191024142500083,AKR20191024142500083,6,1101001,0
"충북도, 축산차량 거점소독소 이용 1회2회 확대","농가 방문 후 나갈 때도 들러야…위반하면 농가 출입 금지 역학 농가 3곳으로 늘어…2곳 정밀검사 음성, 1곳 검사 예정","아프리카돼지열병이 한강 이남으로 번지자 충북도가 선제적 차단책을 강구하는 등 방역 고삐를 단단히 조이고 나섰다. 충북도 재난안전대책본부는 축산 관련 차량에 대해 농가에 들어갈 때와 나갈 때 모두 거점소독소를 이용하도록 방침을 정했다고 26일 밝혔다. 대상 차량은 소, 돼지, 가금류 등 모든 축산 농가 방문 차량이다. 축산 차량은 거점소독소에 들러 소독 필증을 받아야 양돈 농가에 들어갈 수 있다. 그러나 농가에서 나온 뒤에는 통제가 이뤄지지 않았다. 해당 농가에 ASF 바이러스가 있을 경우 방문 차량이 외부로 나가 바이러스를 퍼뜨릴 수 있는 허점이 있었던 셈이다. 도 관계자는 ""차량이 농가에서 나오면 통제초소 지시에 따라 거점소독소를 다시 방문, 소독 필증을 받아야 한다""며 ""소독 필증을 2차례 받지 않은 차량은 농가에 출입할 수 없다""고 설명했다. 이시종 지사도 이날 오전 간부회의에서 같은 내용의 지침을 내렸다. 도내 ASF 역학 농가는 1곳이 추가돼 3곳으로 늘었다. 전날 ASF 양성 판정을 받은 인천시 강화군 불은면의 양돈 농가를 지난 18일 방문했던 사료 운반 차량이 사흘 뒤인 21일 1천800마리의 돼지를 키우는 괴산의 한 농가에 들른 것으로 확인됐다. 이 농가 돼지에서 ASF 증상은 나타나지 않았다. 도는 정밀검사에 나서기로 했다. 이 농가에도 21일간의 이동제한 조치가 내려졌다. 앞서 지난 15일 ASF 발생 김포 양돈 농가에 들렀던 사료 차량이 방문한 음성과 진천 농가 돼지에서는 별다른 증상이 나타나지는 않았다. 도 관계자는 ""음성과 진천 농가의 돼지 8마리씩을 정밀 검사한 결과 모두 음성으로 나타났다""고 밝혔다. 충북에서는 338개 양돈 농가가 62만8천마리의 돼지를 사육하고 있다. ",,AKR20190926088000064,AKR20190926088000064,7,402001,0
"검찰, 정경심 주식 차명거래 IP 확인…조국 조만간 소환",790차례 거래 문자메시지 등 물증 확보…曺 출석 일정 조율,"조국 전 법무부 장관의 부인 정경심 동양대 교수가 남의 계좌를 빌려 주식거래를 할 때 사용한 컴퓨터 IP 등 객관적 증거를 검찰이 확보했다. 검찰은 이르면 이번 주 안에 조 전 장관을 소환해 정 교수의 차명 거래에 관여했는지 등을 물을 방침이다. 13일 검찰에 따르면 서울중앙지검 반부패수사2부는 정 교수가 2017년 7월4일부터 올해 9월30일까지 차명 거래를 하면서 접속한 IP와 관련 문자메시지 내역 등을 확보한 것으로 전해졌다. 검찰은 IP 등이 이 기간 남동생과 단골 미용실 헤어디자이너, 페이스북 지인 등 3명 명의의 계좌 6개를 통해 이뤄진 790차례의 거래 각각을 실질적으로 정 교수가 했다는 점을 뒷받침할 만한 물증이라고 보고 있다. 검찰은 남편이 2017년 5월 청와대 민정수석으로 임명된 이후 공직자의 백지신탁 의무와 직접투자 금지 조항을 피하기 위해 남의 계좌를 동원해 주식과 선물옵션·ETF 등에 차명으로 투자했다고 보고 정 교수에게 금융실명법 위반 혐의를 적용했다. 검찰은 지난해 1월 말 정 교수가 상장사 더블유에프엠 주식 12만주를 6억원에 장외에서 매수한 당일 조 전 장관 계좌에서 5천만원이 빠져나간 거래내역을 확인하고 이 돈이 주식투자에 쓰였는지 추적하고 있다. 또 정 교수의 남동생은 물론 다른 차명계좌 주인들이 조 전 장관과도 아는 사이라고 여길 만한 정황을 확인한 것으로 전해졌다. 청와대 민정수석 시절 부인이 차명으로 주식투자를 한 정황이 짙은 만큼 조 전 장관이 공직자윤리법 위반의 법적 책임은 피할 수 없다고 검찰은 판단하고 있다. 정 교수가 주식투자로 얻은 부당이익 2억8천83만2천109원 또는 미공개 호재성 정보 제공을 뇌물로 해석할 여지도 있다. 검찰이 2억6천400만원의 미실현 이익을 올렸다고 판단한 주식 12만주는 우모 전 WFM 대표의 투자자문업체 유니퀀텀홀딩스가 정 교수에게 매도한 것으로 알려졌다. 국책사업인 2차전지 분야에 뛰어든 WFM이 당시 청와대 민정수석으로 있던 조 전 장관으로부터 사업상 도움을 얻기 위해 주식을 헐값에 넘겼고, 조 전 장관이 이를 알았다면 뇌물죄를 적용할 수 있다는 분석이 나온다. 검찰은 조 전 장관 딸의 허위 스펙을 두고 공주대가 문제 없다는 결론을 내렸다는 언론 보도에 대해 ""공주대가 발급한 활동 증명서 4개 중 2개는 객관적으로 허위인 사실이 확인됐다""며 ""증거나 진술을 공판 과정에서 설명할 것""이라고 반박했다. 검찰은 정 교수가 2009년 8월 공주대 측으로부터 생명공학연구소장 명의의 체험활동확인서 4장을 허위로 발급받아 딸의 한영외고 생활기록부에 기재했다고 판단했다. 실제로는 선인장 생육일기를 쓰거나 수초 접시에 물을 갈아주는 정도의 활동을 해놓고 참여하지 않은 논문의 제3저자로 이름을 올렸다는 것이다. 정 교수는 2008년 7월 대학 동창인 공주대 담당 교수를 찾아가 인턴십을 부탁했고 조씨도 그 즈음 공주대 교수를 만났다. 검찰은 확인서 중 2장에 각각 2007년 7월과 2008년 3월 조씨가 체험활동을 시작했다고 적혀 있는 점도 허위 발급의 근거로 본다. 지난 11일 정 교수를 14개 혐의로 구속기소한 검찰은 조 전 장관을 조만간 소환 조사하기로 방침을 정하고 변호인 측과 일정을 조율 중인 것으로 전해졌다. 조 전 장관 조사가 이번 주를 넘기지 않고 이뤄질 것이라는 전망이 나온다. 다만 조 전 장관의 검찰 출석 장면은 부인과 마찬가지로 언론에 공개되지 않을 가능성이 크다. 윤석열 검찰총장이 지난달 4일 공개소환 전면 폐지를 선언한 데다 법무부가 새로 마련한 형사사건 공개금지 등에 관한 규정 역시 포토라인을 금지하고 있다. 검찰 관계자는 ""수사 공보와 관련한 사항이 최근 한 달 새 많이 바뀐 점을 참고해서 진행하려고 한다""고 말했다. ",정경심 교수 ,AKR20191113121651004,AKR20191113121651004,3,501001,0
"한국당 뺀 여야, 황교안 정치활동 예고 비판…""국정농단 책임""","민주·바른미래·평화·정의 ""반성·사과 우선돼야""박지원 ""황교안, 국정농단 종범 수준""","더불어민주당과 바른미래당, 민주평화당, 정의당은 12일 자유한국당 입당을 비롯해 정치 활동을 예고한 황교안 전 국무총리에 대해 ""국정농단 사태의 책임자""라며 일제히 비판했다. 특히 황 전 총리의 한국당 당권 도전 가능성까지 제기되자 ""대국민 사과가 앞서야 한다""고 목소리를 높였다. 민주당 홍익표 수석대변인은 구두 논평에서 ""박근혜정부에서 국무총리와 법무장관 등 내내 요직을 차지했던 황 전 총리는 국정농단 사태에 책임을 가장 크게 느껴야 할 사람""이라며 ""정당 가입은 헌법상 자유지만, 당권 도전을 하려면 박근혜정부 때 자신이 한 일에 대한 반성이 선행돼야 한다""고 밝혔다. 바른미래당 이종철 대변인은 논평을 내고 ""황 전 총리는 국정농단 사태에 대해 겸허하고 진지하게 반성하고 국민에게 진심으로 사과해야 한다""며 ""아울러 박근혜 전 대통령 탄핵에 대한 분명한 입장을 밝히라""고 촉구했다. 민주평화당 박주현 수석대변인은 ""박근혜 전 대통령의 탄핵에 큰 책임이 있는 당사자가 한국당 대표를 하겠다며 등장한 것은 촛불혁명을 전면 부정하는 것으로 참담하다""고 말했다. 같은 당 박지원 의원은 페이스북에 ""황 전 총리는 박근혜 국정농단의 실질적인 책임이 있는 종범 수준""이라며 ""정치를 하는 것은 그가 선택할 문제이나, 최소한 처절한 반성과 대국민 사과가 우선돼야 한다""고 강조했다. 정의당 정호진 대변인은 구두 논평에서 ""박근혜정부에서 핵심 요직을 맡았던 황 전 총리는 국정농단의 핵심 부역자로 정계를 떠나는 것이 마땅하다""며 ""그의 한국당 입당과 당권 도전은 일말의 부끄러움을 모르는 철면피 행태로, 국민을 기만하는 것""이라고 비판했다. ",위기를 기회로…강연하는 황교안 전 총리황교안 전 총리가 4일 저녁 강원 동해시 현진관광호텔에서 열린 제49회 극동포럼에 참석해 위기를 기회로 만들자라는 주제로 강연하고 있다. ,AKR20190112040500001,AKR20190112040500001,1,101001,0
"""광주 민간공원 2단계 우선협상자 변경은 적정 절차 따른 것""","광주시, 국정감사장서 제기된 의혹에 기자간담회 자청 해명검찰, 민간공원 사업자 변경 의혹에 전방위 수사 중…결과 관심","광주시가 검찰이 수사 중인 민간공원 2단계 우선협상 대상자 변경과 관련해 ""적정한 업무 처리 과정을 거쳐 진행된 것""이라고 밝혔다. 김석웅 광주시 환경생태국장은 10일 시청 브리핑룸에서 기자간담회를 열고 지난 8일 국회 법제사법위원회의 광주지검 국정감사에서 중앙공원 2지구 사업자 변경과 도시공사의 중앙공원 1지구 우선협상대상자 지위 반납 과정에 의혹이 있다는 지적과 그 과정을 설명했다. 김 국장은 민간공원 2단계 사업과 관련 감사위원회의 감사 경위, 제안심사위원회의 논의 과정과 도시공사의 우선협상 대상자 지위 반납 과정 등을 해명했다. 김 국장은 ""민간공원 2단계 사업 관련 일부에서 업체의 로비 가능성 등 의혹이 제기되자 평가 오류를 바로잡고자 6개 지구 전부에 대한 특정감사를 벌였다""며 ""감사위원회에서 약 1개월 동안 감사 후 부적정하게 평가된 항목을 제안심사위원회에 상정하고 그 결과에 따라 민간공원 특례사업 우선협상 대상자를 재선정하도록 심의·의결해 환경생태국에 통보했다""고 말했다. 감사에서 발견된 평가 오류는 공원시설 외의 비용을 공원시설비에 포함하고, 유사한 사업실적 자료의 부실 제출, 업체명 표기 및 유사 표기 사례 발견, 용역결과 보고서의 감정평가서 대체 인정 등이었다고 설명했다. 김 국장은 ""중앙공원 2지구는 계량 항목과 가감점 항목 재평가등으로 우선협상 대상자가 애초 금호산업㈜에서 ㈜호반건설로 변경됐다""고 해명했다. 이어 ""감사위원회 감사 결과에 따르면 학술용역평가서를 감정평가서로 인정한 제안심사위원회의 결정사항은 명백히 위법사항이므로 이를 바로잡아야 했다""며 ""감사위원회의 처분 지시에 따라 토지가격을 인정받지 못하면 순위 변경이 생길 수 있다는 공문 답변을 받은 광주시도시공사는 이사회를 열어 우선협상 대상자 지위를 자진 반납했다""고 말했다. 광주시는 지난해 11월 8일 민간공원 2단계 사업의 우선협상 대상자 발표 후 일부에서 심사 공정성에 대한 문제가 제기되자 특정감사를 벌여 감점 요인에 해당하는 업체명과 유사 표기가 있는데도 감점하지 않고 평가된 부적정한 사실을 발견하고 재평가하도록 했다. 그 결과 애초 금호산업에서 2순위인 호반건설로, 광주시도시공사가 2순위인 ㈜한양으로 우선협상 대상자가 변경됐다. 검찰은 지난 4월 17일 우선협상 대상자 선정 과정에서 비리 의혹이 있다는 광주경제정의실천시민연합의 고발장을 접수하고 고발된 공무원과 업무 관계자들을 공무상 비밀 누설, 직권남용 권리행사 방해 등 혐의로 조사하고 있다. 광주경실련은 사업자 선정 결과 공고 전 평가점수가 유출된 점, 광주시가 규정과 달리 탈락 업체의 이의제기를 수용하고 특정 감사를 한 점, 광주시도시공사가 협상자 지위를 반납한 경위 등에 대해 의혹을 제기했다. 광주시는 민간공원 1단계 사업자 선정 당시 일부 업체가 평가 결과에 이의를 제기했지만 수용하지 않았었다. 한편 광주지방검찰청은 민간공원 2단계 사업자 선정과정에서 불거진 의혹에 대해 전방위적인 수사를 진행 중이어서 그 결과에 따라 파장이 적지 않을 전망이다. ",기자간담회 하는 김석웅 환경생태국장.김석웅 광주시 환경생태국장이 10일 시청 브리핑룸에서 기자간담회를 하고 있다. ,AKR20191010109200054,AKR20191010109200054,2,101002,0
"신년사 강은희 대구교육감 ""학생 미래역량 강화에 중점""",," 강은희 대구교육감 ""학생 미래역량 강화에 중점"" 존경하는 대구시민 여러분! 사랑하는 교육 가족 여러분! 번영과 번성을 의미하는 하얀 쥐의 해를 맞아 사랑과 행복이 모든 가정, 학교, 지역 곳곳에 가득하기를 소망합니다. 4차 산업혁명은 이미 우리 생활에 들어와 있고 곧 5차 산업혁명이 다가올 것입니다. 하지만 지금의 교육으로는 미래를 준비하고 만들어 가기가 어려워 교육의 변화가 필요합니다. 창의융합교육, 맞춤형 학습활동, 미래형 교육공간 등 학교 교육을 획기적으로 바꾸고자 하는 대구미래역량교육은 미래를 준비하는 대구교육의 새로운 도전입니다. 2020년 대구미래역량교육은 학교 현장의 긍정적인 변화가 학생들의 미래역량으로 꽃피울 수 있도록 내실 있는 운영에 중점을 두어 추진하고자 합니다. 먼저 학생참여 중심의 교실수업을 위해 수업방식과 학습공간을 지속해서 바꿔가겠습니다. 교실수업 다변화와 인공지능 등을 융합한 에듀테크 활용 수업을 적극적으로 지원해 미래사회에 필요한 역량을 강화해 가겠습니다. 아울러 기초학력 향상, 다문화 교육, 통합교육 등 출발선이 다른 학생들이 배움의 기회를 놓치지 않고 친구들과 함께 꿈을 키워갈 수 있도록 세심히 살펴보겠습니다. 작은 변화가 모여 큰 변화를 만듭니다. 미래를 준비하는 대구교육의 작은 변화가 모여 학생들의 미래역량으로 꽃피울 수 있도록 교육가족 여러분들의 노력과 열정, 시민 여러분들의 한결같은 관심과 성원을 부탁드립니다. ",강은희 대구시교육감,AKR20191230032200053,AKR20191230032200053,7,503001,0
코스닥 단타 성행…이달 거래대금 시총 80% 넘었다,코로나 테마주 손바뀜 빈번…한달 회전율 1천500% 종목도,"이달 들어 코스닥시장의 거래대금이 전체 시가총액의 80%를 넘어선 것으로 나타났다. 신종 코로나바이러스 감염증 재확산 여파로 관련 테마주에 단타성 거래가 몰린 데 따른 것으로 보인다. 30일 한국거래소에 따르면 이달 코스닥시장의 시가총액 회전율은 지난 27일 현재 84.2%로 집계됐다. 이는 올해 1월 월간 회전율과 비교해 두 배 가까이 상승한 수치로, 이달 코스피 회전율과 비교하면 약 4.7배나 높은 수준이다. 그만큼 이 기간 코스닥시장을 중심으로 주식 거래가 활발해졌다고 볼 수 있다. 실제로 최근 코스닥 거래대금은 연일 사상 최대치를 갈아치우며 코스피 거래대금을 웃도는 모습이다. 앞서 코스닥시장 거래대금은 지난 27일 20조6천억원으로 전날에 이어 이틀 연속으로 사상 최대치를 경신했다. 이는 같은 날 코스피 거래대금을 40%가량 웃도는 규모다. 이처럼 코스닥시장 거래대금이 급증한 것은 최근 코로나19가 재확산하면서 관련 테마주 등을 중심으로 단기 매매가 늘어난 데 따른 것으로 풀이된다. 특히 코스닥시장은 개인 투자자 비중이 높고 개별 종목 시가총액도 코스피보다 작은 편이라 단타성 매매가 잦은 편이다. KB증권 스몰캡팀은 ""지난주 코스닥시장에서는 코로나19 상황 악화와 한국은행의 경제성장률 전망치 하향 조정 등에 따라 테마별 순환매가 이어졌다""고 분석했다. 이와 함께 코스닥시장의 주식 손바뀜 또한 빈번했던 것으로 나타났다. 주식의 손바뀜 정도는 일정 기간 거래량을 상장주식 수로 나눈 주식 회전율로 측정할 수 있는데, 이달 들어 지난 27일까지 18거래일간 주식회전율 상위권에는 코로나19 테마주가 다수 포진했다. 코스닥시장 주식회전율 1위인 일신바이오는 코로나19 혈장치료제 관련주로 거론되면서 거래량이 급증했는데, 이 회사의 이달 주식 회전율은 무려 1천492.8%로 집계됐다. 이는 이 기간 거래량이 상장주식 수의 15배에 육박했다는 의미로, 한 달 새 주식의 주인이 평균 15번 가까이 바뀐 것으로도 볼 수 있다. 주식 회전율이 1천153.3%에 달한 마스크 생산업체 웰크론이 뒤를 이었다. 그 외 코로나19의 여파로 강세를 보인 온라인 교육주 YBM넷과 메가엠디, 마스크 소재 관련주로 거론된 GH신소재 등도 회전율 상위 종목에 이름을 올렸다. 코스닥시장의 주식 회전율 상위 10종목의 평균 주가 상승률은 78.5%로 집계됐다. 8월 코스닥 주식회전율 상위 10종목 종목명거래일회전율주가 등락률거래량 합계상장 주식 수일신바이오181,660,060,52544,216,140웰크론181,325,590,96228,231,302YBM넷181,184,950,27816,312,697GH신소재181,122,577,78411,000,000메가엠디181,243,120,65423,097,077우정바이오18110,580,02411,222,940이씨에스18114,296,40012,294,000케이엠제약18180,412,63621,387,050켐트로스18221,739,40426,323,057켐온18511,002,12263,861,340 ",,AKR20200829053800002,AKR20200829053800002,2,201001,0
"안치환 ""진보의 힘은 누굴 위한 것인가""…신곡 아이러니",,"대표적인 민중가수 안치환이 무뎌진 순수와 진보 권력 내부의 기회주의에 날 선 메시지를 던지는 듯한 곡을 발표해 눈길을 끈다. 소속사 A＆L엔터테인먼트는 7일 정오 안치환이 자작곡 아이러니를 발표했다고 이날 밝혔다. 눈 어둔 권력에 알랑대니 / 콩고물의 완장을 차셨네 / 진보의 힘 자신을 키웠다네 / 아이러니 다 이러니 다를 게 없잖니 / 꺼져라 기회주의자여 같은 가사에서 엿보이듯, 정치와 권력에 대해 느낀 아이러니를 표현한 곡이다. 기존의 밴드 사운드와 일렉트로닉 신시사이저 음향이 조화된 곡으로, 싱어송라이터 안치환의 음악적 스펙트럼이 계속해서 확장되고 있음을 보여준다고 소속사는 소개했다. 시대의 아픔을 고민해온 안치환이 신곡 소개에 담은 일침이 눈에 띈다. 그는 ""세월은 흘렀고 우리들의 낯은 두꺼워졌다. 그날의 순수는 나이 들고 늙었다""며 ""어떤 순수는 무뎌지고 음흉해졌다. 밥벌이라는 숭고함의 더께에 눌려 수치심이 마비됐다""고 썼다. 이어 ""권력은 탐하는 자의 것이지만 너무 뻔뻔하다. 예나 지금이나 기회주의자들의 생명력은 가히 놀라울 따름""이라고 지적하며 ""시민의 힘, 진보의 힘은 누굴 위한 것인가? 아이러니""라고 했다. 안치환은 386세대를 대변하는 가수로 불리는 대표적인 민중 가수다. 솔아 솔아 푸르른 솔아, 마른 잎 다시 살아나, 내가 만일, 사람이 꽃보다 아름다워, 위하여!, 인생은 나에게 술 한잔 사주지 않았다 등의 대표곡이 있다. 2014년 대장암 수술을 받은 후에도 박근혜-최순실 게이트에 대한 국민의 분노와 열망을 담은 권력을 바라보는 두 가지 시선, 제주 4·3사건 아픔을 주제로 한 4월 동백 등을 잇달아 내놨다. ",가수 안치환,AKR20200707102100005,AKR20200707102100005,4,701001,0
"北최선희, 러시아 방문 위해 출국…목적 안알려져",러 대사관 이어 北통신 출국 확인…북미협상 관련 의견교환 가능성,"최선희 북한 외무성 제1부상이 18일 러시아 방문을 위해 평양에서 출발했다. 북한 관영매체인 조선중앙통신은 이날 오후 ""외무성 제1부상 최선희 동지를 단장으로 하는 조선민주주의인민공화국 외무성 대표단이 러시아를 방문하기 위하여 18일 평양을 출발하였다""고 보도했다. 그러나 중앙통신은 최 제1부상의 출국 소식만 한 줄로 전하고 방문 목적이나 일정 등에 대해서는 언급하지 않았다. 앞서 주북 러시아 대사관도 자체 페이스북 계정에 올린 사진과 글을 통해 ""알렉산드르 마체고라 북한 주재 러시아 대사가 순안 국제공항에서 러시아로 출발하는 최 제1부상을 배웅했다""며 출국 현장 소식을 전했으나, 그 외 자세한 언급은 없었다. 최 제1부상의 방러 소식을 가장 먼저 보도한 일본 교도통신도 방문 목적은 알려지지 않았다고 소개했다. 다만 북한 김정은 국무위원장의 측근이자 실력자인 최 부상이 비핵화 관련 북미 협상의 전망 등에 대해 러시아 측과 의견 교환을 할 가능성이 있다고 전망했다. 올해 12월까지를 시한으로 정해 비핵화 협상에 임하는 미국 측에 새로운 계산법을 제시하라고 요구해온 북한이 우방인 러시아와의 밀착 행보를 과시하면서 미국의 조속한 협상 복귀와 태도 변화를 압박하려는 것이 아니냐는 분석도 나온다. 미국과 북한은 지난달 5일 스웨덴 스톡홀름에서 비핵화 실무 협상을 했지만, 뚜렷한 성과를 내지 못했다. 러시아는 이후 이달 초 열린 모스크바 국제비확산회의에 미국과 북한 당국자를 초청하는 등 북미 협상 지속을 위한 중재에 의욕을 보이고 있다. 비확산회의에는 북한에서 조철수 외무성 미국 국장, 미국에서 마크 램버트 국무부 대북특사 등이 참석했으나 별도로 양자 접촉을 하지는 않은 것으로 파악됐다. ",최선희 제1부상 환송하는 주북 러시아 대사 알렉산드르 마체고라 주북 러시아 대사가 18일 북한 평양 순안공항에서 최선희 제1부상을 환송하고 있다. 러 외무장관과 대화하는 북한 최선희 제1부상조선중앙TV가 지난 4월 28일 방영한 기록영화 속 최선희 외무성 제1부상이 세르게이 라브로프 러시아 외무장관과 대화를 나누고 있는 모습. ,AKR20191118081352073,AKR20191118081352073,6,1002001,0
"우리공화당 천막 금지 가처분 각하…法 ""행정대집행으로 철거""","""민사소송 대상 아냐""…서울시, 광화문광장 점유권침해금지 신청 수용 안해","서울시가 우리공화당의 광화문광장 천막 설치를 막아달라며 법원에 가처분 신청을 냈으나 받아들여지지 않았다. 서울남부지법 민사합의51부는 25일 서울시의 가처분 신청을 각하하고, 소송 비용을 서울시가 부담하라고 결정했다. 각하는 소송이 적법하게 제기되지 않았거나 청구 내용이 법원의 판단 대상이 되지 않는 경우 본안을 심리하지 않고 재판을 끝내는 결정이다. 법원은 ""우리공화당이 설치한 천막 등 시설물은 행정대집행을 통해 천막 등 시설물의 철거와 당원 퇴거 등을 실현할 수 있으므로 민사소송의 대상이 되지 않는다""고 결정 이유를 밝혔다. 또한 ""서울시는 행정대집행을 실시하려 해도 우리공화당이 그 직전에 천막을 철거해 행정대집행이 불가능해진다고 주장하지만, 그 사유만으로 이행강제금 부과 등 간접강제의 대상이 된다고 볼 수 없다""고 덧붙였다. 서울시는 우리공화당의 광화문광장 천막 설치를 막아달라며, 이를 어길 경우 하루에 1천만원을 지급하도록 해달라는 점유침해금지 가처분 신청을 지난달 28일 서울남부지법에 냈다. 우리공화당은 2017년 탄핵 반대 집회에서 숨진 사람들을 추모한다며 5월10일 광화문광장에 천막을 차렸다. 서울시는 한 차례 강제철거에 나서 천막을 치웠으나 우리공화당은 같은 날 오후 같은 장소에 더 큰 규모로 천막을 다시 설치했다. 지난 16일에는 서울시가 행정대집행을 예고했으나 우리공화당이 천막을 자진 철거하고는 ""행정대집행을 무력화했다""고 주장하기도 했다. 이후에도 우리공화당은 광화문광장과 세종문화회관 등 장소를 옮겨 가며 천막 설치와 철거를 거듭하고 있다. ",광화문광장 우리공화당 천막,AKR20190725051252004,AKR20190725051252004,3,510003,0
"박완희 청주시의원 ""청주·청원 통합 후 농지 난개발 심각""",,"박완희 청주시의원은 30일 ""2014년 청주·청원 행정구역 통합 후 많은 농지와 산림이 전원주택·공장 건립, 태양광사업으로 훼손돼 청주가 전국에서 가장 심각한 난개발 도시라는 오명을 얻게 됐다""고 말했다. 박 의원은 이날 제45회 임시회 3차 본회의에서 5분 발언을 통해 ""통합 후 5년간 4천84건, 599만5천㎡의 산지 전용과 6천450건, 1천846만7천㎡의 농지전용이 허가됐다""며 이같이 주장했다. 그는 ""그동안 산지와 농지 전용으로 개발된 규모는 청주시 전체 면적의 2%에 해당한다""고 덧붙였다. 또 ""산지 전용은 주거시설이 가장 많았으며, 농지전용은 산업단지·도로개설이 절반을 넘었고 태양광 발전도 3%를 차지하고 있다""고 설명했다. 그러면서 ""시는 도시 정책을 기후 위기 대비, 생태환경 보전을 위한 지속가능한 개발로 패러다임을 전환해야 한다""고 강조했다. ",박완희 청주시의원,AKR20190830053500064,AKR20190830053500064,3,107001,0
"서울교육청 학생인권위 ""경남학생인권조례 부결, 부끄러운 일""",전교조도 비판 성명,"경남교육청이 제정을 추진한 학생인권조례안이 경남도의회에서 부결된 것과 관련해 조례 제정을 찬성하는 쪽의 비판이 이어졌다. 서울시교육감의 학생인권 자문기구인 서울교육청 학생인권위원회는 16일 ""전날 경남도의회 교육위가 학생인권조례안을 부결한 것은 부끄럽고 무책임한 결정""이라고 비판했다. 학생인권위는 ""교육위가 학생인권과 학내 민주주의를 위해 과연 진지한 숙고를 한 것인지 반문하지 않을 수 없다""며 경남도의회에 24일 열릴 본회의에서 조례안을 직권 상정해 가결하라고 촉구했다. 전국교직원노동조합도 이날 경남도의회 교육위를 규탄하며 조례 제정을 촉구하는 성명을 냈다. 전교조는 ""학생인권조례는 헌법과 유엔 아동권리에 관한 협약 등에 근거해 시민으로서의 학생 권리를 재확인하는 것""이라며 ""지금 제정돼도 매우 늦은 것""이라고 지적했다. 전교조 역시 경남도의회에 학생인권조례안을 의장 직권으로 상정하라고 요구했다. 경남교육청은 지난달 말 도의회에 학생인권조례안을 제출했다. 조례안은 교복 착용 선택 등 학생이 개성을 실현할 권리와 성 정체성 등으로 차별받지 않을 권리 등을 담고 있다. 이에 이미 학생인권조례를 시행 중인 서울·경기·광주·전북교육청 교육감이 조례 제정을 지지하는 성명을 내기도 했다. 그러나 찬반 논란 속에 경남도의회 교육위는 전날 찬성 3명, 반대 6명으로 조례안을 부결처리했다. ",학생인권조례안 발표하는 경남교육감지난해 9월 박종훈 경남도교육감이 11일 학생인권조례안 내용을 발표하는 모습 ,AKR20190516121500004,AKR20190516121500004,3,107002,0
제13차 조달행정발전위원회 개최…하반기 현안 논의,,"조달청은 6일 서울지방조달청에서 제13차 조달행정발전위원회를 개최했다. 위원회는 조달행정에 대한 정책자문을 위해 기획재정부, 행정안전부 등 6개 부처와 각계 민간 전문가들로 구성돼 2010년부터 활동하고 있다. 이날 회의에서는 조달청이 중점 추진 중인 공공혁신조달, 나라장터 전면 재구축, 조달사업법 전면 개정 등을 중심으로 조달혁신을 지속하기 위한 방향 등을 모색했다. 정무경 조달청장은 ""제시된 다양한 정책적 조언을 공공혁신 조달을 비롯해 앞으로 조달청이 나갈 방향을 정하는 데 적극적으로 활용하겠다""고 말했다. ",기념촬영 하는 정무경 조달청장과 관계자들,AKR20190906089300063,AKR20190906089300063,7,106001,0
"PRNewswire 로열캐나디언민트, 탐험가 존 캐봇의 유명한 배를 쇼케이스",," 로열캐나디언민트, 탐험가 존 캐봇의 유명한 배를 쇼케이스-뉴펀들랜드래브라도주가 연방에 합류한 70주년을 기념 로열캐나디언민트는 70년 전 뉴펀들랜드래브라도주가 영국 식민지에서 캐나다의 가장 새로운 주로 변신한 것을 기념하여 1949년에 발행된 달러 은화의 디자인을 다시 사용한 새롭고 멋진 은화를 발행하게 되어 자부심을 느낀다. 이 은화에는 겁 없는 유럽의 탐험가 존 캐봇이 1497년 뉴펀들랜드 해안으로 몰고 온 범선 매튜를 그려 넣었다. 이 은화는 주화 조각 장인 토마스 싱글즈가 처음으로 그 뒷면을 손으로 조각하여 고전미가 가미된 현대작이 되었으며 우아하고 정교한 디자인을 뽐냈다. 이제 동 은화는 첫 발행 당시와 마찬가지로 조지6세 왕 폐하의 조상이 뒷면에 새겨진 5온스의 순은화로 훨씬 더 많은 사랑을 받을 수 있게 되었다. 이 특별 은화는 정교하게 제작된 몇몇 수집용 주화들과 함께 오늘부터 구매 가능하다. 창의성이 2019년 3달러 순은화 세트 디엘리먼츠를 구성하는 네 개의 사각 주화들에서 빛을 발한다. 토론토 아티스트 레베카 야노프스카야가 디자인한 이들 주화는 불, 공기, 흙과 물이라는 원소를 각각 나타낸다. 처음에 이 주화는 동 민트의 마스터스클럽 회원으로 QC 레비에 거주하는 버나드 뒤메 씨의 제안에 따라 디자인되었다. 이 제안은 빨강, 노랑, 갈색과 초록색 단풍잎을 모티프로 승화시켜 각 원소가 생각나도록 했다. 이들 주화는 함께 배열됨으로써 캐나다의 변화하는 계절을 상징하는 원형 이미지를 만들어 낸다. 또 하나의 역사적인 주화인 2019년 20달러 순은화가 골드메이플리프 발행 40주년을 기념하여 스포트라이트를 받으며 발행되었다. 세계인들이 사랑하는 순금화 중 하나의 대표 디자인이 주화 앞면은 엘리자베스 2세 여왕 폐하의 조상이 뒷면은 사탕단풍잎이 새겨져 있으며 주화 중앙 표면은 움푹 파여 있는 이중 조각을 통해 충실하게 보존되고 있다. 단풍잎의 이미지는 그것이 경의를 표하는 금화에 대한 특별한 헌사로서 부분적으로 금도금이 되어 있다. 이번 달에 공급되는 다른 주화들은 다음과 같다. 2019년 20달러 순은화 캐나다의 동물상여우, BC 솔트스프링아일랜드 아티스트 앨런 행콕 디자인 2019년 250달러 순금화 영원한 축복의 피상카, 부활절 달걀 모양의 주화로서 다층 구조의 우크라이나 교회 건물을 상징적으로 정교하게 조각한 토론토 아티스트 데이브 멜린추크 디자인 2019년 20달러 순은화 부화하는 하드로사우루스, 유명한 고생물 아티스트 줄리어스 쇼토니 디자인 2019년 100달러 순은화 캐나다 단풍나무, 10온스 순은화로 단풍잎 가지가 새겨져 있는 캐나다 초기 주화를 회고 2019년 특별 포장 롤 컬렉션 퍼스트스트라익스, 현재 캐나다에서 유통 중인 각 화폐를 모은 롤 2019년 5온스 순은화 빅코인 시리즈5 센트 주화 2019년 3달러 순은화 캐나다의 놀이와 축제를 기념 메이플 시럽 테이스팅, 스티브 헵번 디자인 2019년 5달러 순은화 조디악 시리즈양자리, 조리 반 데어 린드 디자인 각 제품의 민티지, 가격과 관련 전체 정보는 의 ""Shop"" 탭에서 구할 수 있다. 주화 이미지는 여기에서 볼 수 있다. 모든 이들 제품은 캐나다에서1-800-267-1871로 미국에서는 1-800-268-6468로 전화하거나 동 민트의 웹사이트에서 로열캐나디언민트에 직접 주문할 수 있다. 동 주화들은 또한 오타와와 위니펙에 있는 로열캐나디언민트의 부티크뿐만 아니라 주화 판매에 참여하고 있는 캐나다 우체국 등 우리의 전 세계 딜러와 대리점망을 통해 구매할 수 있다. 로열캐나디언민트 로열캐나디언민트는 캐나다 주화의 주조와 유통을 책임지고 있는 캐나다 국영 기업이다. 동사는 전 세계에서 가장 크고 가장 다양한 주화를 주조하는 기업 중 하나로 인정받고 있으며 다양하고 특별하며 고품질의 주화와 관련 서비스를 국제적인 차원에서 공급하고 있다. 동사, 제품 및 서비스에 대한 상세 정보가 필요할 경우 를 방문하기 바란다. Alex Reeves, 시니어매니저, 대중 업무 담당, 전화 949-5777, 사진 The Royal Canadian Mints anniversary Silver Dollar marking 70 years since Newfoundland and Labrador joined Confederation 출처로열캐나디언민트 본고는 자료 제공사에서 제공한 것으로, 연합뉴스는 내용에 대해 어떠한 편집도 하지 않았음을 밝혀 드립니다.",,AKR20190306164900009,AKR20190306164900009,6,1101001,0
호남고속도로서 차량 4대 추돌…1명 사망·1명 부상,,"5일 오전 6시 1분께 호남고속도로 상행선 정읍IC 부근에서 트럭과 트럭 등 차량 4대가 추돌했다. 이 사고로 트럭 운전자 A씨가 숨지고 싼타페 운전자 B씨가 병원에서 치료를 받고 있다. 경찰에 따르면 트럭이 앞서가던 트럭을 들이받았고, 뒤따르던 싼타페와 K5 승용차가 차례로 부딪혔다. 경찰과 소방당국은 목격자와 차량 운전자 등을 상대로 사고 원인을 조사하고 있다. ",호남고속도로 사고로 파손된 차량 5일 오전 6시 1분께 호남고속도로 상행선 정읍IC 부근에서 트럭과 트럭 등이 추돌해 차량이 파손돼 있다. ,AKR20190305046900055,AKR20190305046900055,7,501001,0
"소상공인연합회, 춤판 워크숍 논란 회장 해임 의결",,"소상공인연합회는 15일 임시총회를 열어 이른바 춤판 워크숍 논란 등으로 물의를 빚은 배동욱 회장에 대한 해임을 결정했다고 밝혔다. 소공연은 이날 오전 임시총회를 열고 의결권이 있는 정회원 49명 중 과반인 29명이 참석했고 이 중 24명의 찬성으로 배 회장이 해임됐다고 설명했다. 소공연은 정관에 따라 김임용 수석부회장이 회장 직무대행을 수행하며 김 직무대행은 정관에 따라 내년 2월 열리게 되는 협회장 선거 때까지 소공연을 이끌게 된다고 소개했다. 김 직무대행은 이날 총회에서 ""배 회장의 탄핵을 위해 모인 업종단체 정회원뿐만 아니라 전국의 3분 2에 달하는 지역 소공연 사무국 직원 등이 똘똘 뭉쳐 오늘의 결과를 이끌어 냈다""며 ""이번에 결집한 소상공인들의 힘을 바탕으로 소공연의 새로운 시작을 위한 정상화 작업에 박차를 가할 것""이라고 말했다. 앞서 소공연은 지난 6월 강원도 평창에서 전국 지역조직 및 업종단체 교육·정책 워크숍을 진행하는 과정에서 음주와 함께 걸그룹 초청 행사까지 병행해 비판을 받았다. 이후 배우자·자녀 업체에서 소공연 행사를 위한 화환을 구매하고 보조금 예산으로 구매한 도서를 현장 판매 후 연합회 자체 예산으로 수입 처리한 부분 등에 대한 논란도 불거졌다. 중기부는 최근 관련 사안들에 대한 조사를 벌인 뒤 배 회장에게 엄중 경고 조치했다. 중기부는 워크숍 당시 걸그룹 댄스 공연 행사가 부적절했고 배우자·자녀 업체에서 화환을 구매한 행위, 회비 미납 회원에 대해 인하된 회비를 소급 적용한 행위 등이 임직원 행동강령을 위반한 것으로 봤다. 소공연 사무국노조도 배 회장을 업무상 횡령, 업무상 배임, 보조금 관리법 위반 등 혐의로 지난 7월 서울중앙지검에 고발했다. ",소상공인연합회 임시총회 ,AKR20200915089100030,AKR20200915089100030,2,201001,0
